0,0,9,0.0,0.0,2.9491199999999997,0.0,62.914559999999994,62.914559999999994,0.0,0.0,0.0,62.914559999999994,0.0,0.0,62.914559999999994,125.82911999999999,314.5728,47.349759999999996,0.0,0.0,2.0539271186750425,0.0,17.440783261537756,7.250433944842384,0.0,0.0,0.0,17.611138907680665,0.0,0.0,6.992220847078107,31.173577440568327,36.29464425949236,12.1698872407285,0.0,0.0,0.0,1.048578,0.262146,0.5242899999999999,0.0,0.0,0.0,0.13107400000000002,0.0,0.0,0.262146,0.065538,0.13107400000000002,2e-06,0.0,0.0,0.0,0.0008796109799424001,5.4976000819200004e-05,0.000219903164416,0.0,0.0,0.0,1.3744105062400004e-05,0.0,0.0,5.4976000819200004e-05,3.4360786944000003e-06,1.3744105062400004e-05,0.0,input,input,/features/features.0/Conv,/features/features.2/Relu,/features/features.6/MaxPool,/features/features.7/Conv,/features/features.7/Conv,/features/features.7/Conv,/features/features.7/Conv,/features/features.13/MaxPool,/features/features.13/MaxPool,/features/features.13/MaxPool,/features/features.14/Conv,/features/features.23/MaxPool,/features/features.30/Conv,3,3,3,1,3,2,4,1,1,3,4,1,2,3,2,3,744.7838879999999,130.98785341103797,1.347057079011256,2.424848,0.0012403904348160001,nondom
1,0,8,0.0,0.0,0.0,7.864319999999999,62.914559999999994,62.914559999999994,0.0,0.0,0.0,62.914559999999994,0.0,0.0,62.914559999999994,125.82911999999999,314.5728,47.349759999999996,0.0,0.0,0.0,1.880081965843105,17.440783261537756,7.250433944842384,0.0,0.0,0.0,17.611138907680665,0.0,0.0,6.992220847078107,31.173577440568327,36.29464425949236,12.1698872407285,0.0,0.0,0.0,0.0,0.262146,0.5242899999999999,0.0,0.0,0.0,0.13107400000000002,0.0,0.0,0.262146,0.065538,0.13107400000000002,2e-06,0.0,0.0,0.0,0.0,5.4976000819200004e-05,0.000219903164416,0.0,0.0,0.0,1.3744105062400004e-05,0.0,0.0,5.4976000819200004e-05,3.4360786944000003e-06,1.3744105062400004e-05,0.0,input,input,input,/features/features.2/Relu,/features/features.6/MaxPool,/features/features.7/Conv,/features/features.7/Conv,/features/features.7/Conv,/features/features.7/Conv,/features/features.13/MaxPool,/features/features.13/MaxPool,/features/features.13/MaxPool,/features/features.14/Conv,/features/features.23/MaxPool,/features/features.30/Conv,3,3,3,1,3,2,4,2,1,3,4,1,2,3,2,3,748.6505099999998,130.81312864722605,1.3524297861732775,1.37627,0.00036077945487360003,nondom
2,0,8,0.0,0.0,0.0,5.8982399999999995,62.914559999999994,62.914559999999994,0.0,0.0,0.0,62.914559999999994,0.0,0.0,62.914559999999994,125.82911999999999,62.914559999999994,173.17887999999994,0.0,0.0,0.0,1.9826649331118158,17.440783261537756,7.250433944842384,0.0,0.0,0.0,17.611138907680665,0.0,0.0,6.992220847078107,31.173577440568327,8.082845870876394,43.99238694340391,0.0,0.0,0.0,0.0,0.262146,0.5242899999999999,0.0,0.0,0.0,0.13107400000000002,0.0,0.0,0.262146,0.065538,0.13107400000000002,2e-06,0.0,0.0,0.0,0.0,5.4976000819200004e-05,0.000219903164416,0.0,0.0,0.0,1.3744105062400004e-05,0.0,0.0,5.4976000819200004e-05,3.4360786944000003e-06,1.3744105062400004e-05,0.0,input,input,input,/features/features.2/Relu,/features/features.6/MaxPool,/features/features.7/Conv,/features/features.7/Conv,/features/features.7/Conv,/features/features.7/Conv,/features/features.13/MaxPool,/features/features.13/MaxPool,/features/features.13/MaxPool,/features/features.14/Conv,/features/features.23/MaxPool,/features/features.24/Conv,3,3,3,2,3,2,4,2,1,3,4,1,2,3,2,3,620.8553099999999,134.52641292855424,1.6297772029372497,1.37627,0.00036077945487360003,nondom
3,0,7,0.0,0.0,5.8982399999999995,0.0,62.914559999999994,62.914559999999994,0.0,0.0,251.65823999999998,0.0,0.0,0.0,0.0,62.914559999999994,125.82911999999999,409.10847999999993,0.0,0.0,1.9826649331118158,0.0,17.440783261537756,7.250433944842384,0.0,0.0,15.619623093754711,0.0,0.0,0.0,0.0,6.992220847078107,31.173577440568327,48.68679453419221,0.0,0.0,0.0,0.0,0.262146,0.5242899999999999,0.0,0.0,0.13107400000000002,0.0,0.0,0.0,0.0,0.262146,0.065538,2e-06,0.0,0.0,0.0,0.0,5.4976000819200004e-05,0.000219903164416,0.0,0.0,1.3744105062400004e-05,0.0,0.0,0.0,0.0,5.4976000819200004e-05,3.4360786944000003e-06,0.0,input,input,/features/features.2/Relu,/features/features.2/Relu,/features/features.6/MaxPool,/features/features.7/Conv,/features/features.7/Conv,/features/features.7/Conv,/features/features.13/MaxPool,/features/features.13/MaxPool,/features/features.13/MaxPool,/features/features.13/MaxPool,/features/features.13/MaxPool,/features/features.16/Relu,/features/features.23/MaxPool,3,3,2,1,3,2,4,1,1,3,4,2,2,2,3,2,982.4829559999997,129.14644509043512,1.0191209926531979,1.2451960000000002,0.0003470353498112,nondom
4,0,7,0.0,0.0,0.0,7.864319999999999,125.82911999999999,62.914559999999994,0.0,0.0,251.65823999999998,0.0,0.0,0.0,94.37183999999999,377.48735999999997,0.0,346.1939199999999,0.0,0.0,0.0,1.880081965843105,16.98484848851971,7.250433944842384,0.0,0.0,15.619623093754711,0.0,0.0,0.0,23.073559905315363,22.195144805151692,0.0,40.60394866331581,0.0,0.0,0.0,0.0,0.262146,0.0,0.0,0.0,0.13107400000000002,0.0,0.0,0.0,0.262146,0.13107400000000002,0.13107400000000002,2e-06,0.0,0.0,0.0,0.0,5.4976000819200004e-05,0.0,0.0,0.0,1.3744105062400004e-05,0.0,0.0,0.0,5.4976000819200004e-05,1.3744105062400004e-05,1.3744105062400004e-05,0.0,input,input,input,/features/features.2/Relu,/features/features.6/MaxPool,/features/features.7/Conv,/features/features.7/Conv,/features/features.7/Conv,/features/features.13/MaxPool,/features/features.13/MaxPool,/features/features.13/MaxPool,/features/features.13/MaxPool,/features/features.19/Relu,/features/features.24/Conv,/features/features.26/Relu,2,4,3,1,2,2,4,1,1,3,4,1,3,1,3,2,1267.2368759999997,127.60779205105959,0.7946251301913815,0.917516,0.0001511843168256,nondom
5,0,7,0.0,0.0,0.0,7.864319999999999,125.82911999999999,62.914559999999994,0.0,0.0,251.65823999999998,0.0,0.0,0.0,62.914559999999994,251.65823999999998,62.914559999999994,409.10847999999993,0.0,0.0,0.0,1.880081965843105,16.98484848851971,7.250433944842384,0.0,0.0,15.619623093754711,0.0,0.0,0.0,6.992220847078107,14.903557301268956,15.586788720284163,48.68679453419221,0.0,0.0,0.0,0.0,0.262146,0.0,0.0,0.0,0.13107400000000002,0.0,0.0,0.0,0.262146,0.262146,0.065538,2e-06,0.0,0.0,0.0,0.0,5.4976000819200004e-05,0.0,0.0,0.0,1.3744105062400004e-05,0.0,0.0,0.0,5.4976000819200004e-05,5.4976000819200004e-05,3.4360786944000003e-06,0.0,input,input,input,/features/features.0/Conv,/features/features.6/MaxPool,/features/features.7/Conv,/features/features.7/Conv,/features/features.7/Conv,/features/features.13/MaxPool,/features/features.13/MaxPool,/features/features.13/MaxPool,/features/features.13/MaxPool,/features/features.14/Conv,/features/features.17/Conv,/features/features.23/MaxPool,2,3,3,1,2,2,4,1,1,3,4,1,2,1,3,2,1235.8451319999997,127.90453100396957,0.8149974128722127,0.9830519999999999,0.00018210818621440002,nondom
6,0,7,0.0,0.0,0.0,7.864319999999999,62.914559999999994,62.914559999999994,0.0,251.65823999999998,0.0,0.0,0.0,0.0,62.914559999999994,629.1456,0.0,346.1939199999999,0.0,0.0,0.0,1.880081965843105,17.440783261537756,7.250433944842384,0.0,15.619623093754711,0.0,0.0,0.0,0.0,6.992220847078107,37.098702106420646,0.0,40.60394866331581,0.0,0.0,0.0,0.0,0.262146,0.5242899999999999,0.0,0.13107400000000002,0.0,0.0,0.0,0.0,0.262146,0.13107400000000002,0.0,2e-06,0.0,0.0,0.0,0.0,5.4976000819200004e-05,0.000219903164416,0.0,1.3744105062400004e-05,0.0,0.0,0.0,0.0,5.4976000819200004e-05,1.3744105062400004e-05,0.0,0.0,input,input,input,/features/features.2/Relu,/features/features.6/MaxPool,/features/features.7/Conv,/features/features.7/Conv,/features/features.13/MaxPool,/features/features.13/MaxPool,/features/features.13/MaxPool,/features/features.13/MaxPool,/features/features.13/MaxPool,/features/features.14/Conv,/features/features.24/Conv,/features/features.24/Conv,3,3,3,1,3,2,4,1,1,3,4,1,2,1,3,2,1424.9164919999998,126.88615122616869,0.7391928817972628,1.310732,0.0003573433761792,nondom
7,0,7,0.0,0.0,0.0,7.864319999999999,62.914559999999994,62.914559999999994,0.0,251.65823999999998,0.0,0.0,0.0,0.0,62.914559999999994,0.0,125.82911999999999,409.10847999999993,0.0,0.0,0.0,1.880081965843105,17.440783261537756,7.250433944842384,0.0,15.619623093754711,0.0,0.0,0.0,0.0,6.992220847078107,0.0,31.173577440568327,48.68679453419221,0.0,0.0,0.0,0.0,0.262146,0.5242899999999999,0.0,0.13107400000000002,0.0,0.0,0.0,0.0,0.262146,0.0,0.065538,2e-06,0.0,0.0,0.0,0.0,5.4976000819200004e-05,0.000219903164416,0.0,1.3744105062400004e-05,0.0,0.0,0.0,0.0,5.4976000819200004e-05,0.0,3.4360786944000003e-06,0.0,input,input,input,/features/features.2/Relu,/features/features.6/MaxPool,/features/features.7/Conv,/features/features.7/Conv,/features/features.13/MaxPool,/features/features.13/MaxPool,/features/features.13/MaxPool,/features/features.13/MaxPool,/features/features.13/MaxPool,/features/features.16/Relu,/features/features.16/Relu,/features/features.23/MaxPool,3,3,3,1,3,2,4,1,1,3,4,1,2,3,3,2,984.4490359999999,129.04386212316643,1.0959805395941822,1.2451960000000002,0.0003470353498112,nondom
8,0,7,0.0,0.0,0.0,7.864319999999999,62.914559999999994,62.914559999999994,0.0,0.0,251.65823999999998,0.0,0.0,0.0,157.2864,125.82911999999999,0.0,346.1939199999999,0.0,0.0,0.0,1.880081965843105,17.440783261537756,7.250433944842384,0.0,0.0,15.619623093754711,0.0,0.0,0.0,38.660348625599525,7.2915875038827345,0.0,40.60394866331581,0.0,0.0,0.0,0.0,0.262146,0.5242899999999999,0.0,0.0,0.13107400000000002,0.0,0.0,0.0,0.065538,0.13107400000000002,0.0,2e-06,0.0,0.0,0.0,0.0,5.4976000819200004e-05,0.000219903164416,0.0,0.0,1.3744105062400004e-05,0.0,0.0,0.0,3.4360786944000003e-06,1.3744105062400004e-05,0.0,0.0,input,input,input,/features/features.2/Relu,/features/features.6/MaxPool,/features/features.7/Conv,/features/features.7/Conv,/features/features.7/Conv,/features/features.13/MaxPool,/features/features.13/MaxPool,/features/features.13/MaxPool,/features/features.13/MaxPool,/features/features.23/MaxPool,/features/features.24/Conv,/features/features.24/Conv,3,3,3,1,3,2,4,1,1,4,4,1,3,1,3,2,1015.7752439999997,128.7471128622301,1.0594541963200836,1.1141240000000001,0.00030580345405440003,nondom
9,0,7,0.0,0.0,0.0,7.864319999999999,62.914559999999994,62.914559999999994,0.0,0.0,251.65823999999998,0.0,0.0,0.0,94.37183999999999,377.48735999999997,0.0,346.1939199999999,0.0,0.0,0.0,1.880081965843105,17.440783261537756,7.250433944842384,0.0,0.0,15.619623093754711,0.0,0.0,0.0,23.073559905315363,22.195144805151692,0.0,40.60394866331581,0.0,0.0,0.0,0.0,0.262146,0.5242899999999999,0.0,0.0,0.13107400000000002,0.0,0.0,0.0,0.262146,0.13107400000000002,0.0,2e-06,0.0,0.0,0.0,0.0,5.4976000819200004e-05,0.000219903164416,0.0,0.0,1.3744105062400004e-05,0.0,0.0,0.0,5.4976000819200004e-05,1.3744105062400004e-05,0.0,0.0,input,input,input,/features/features.2/Relu,/features/features.6/MaxPool,/features/features.7/Conv,/features/features.7/Conv,/features/features.7/Conv,/features/features.13/MaxPool,/features/features.13/MaxPool,/features/features.13/MaxPool,/features/features.13/MaxPool,/features/features.17/Conv,/features/features.24/Conv,/features/features.24/Conv,2,2,3,1,3,2,4,1,1,4,4,1,3,1,3,2,1204.7155319999997,128.063932983137,0.8829040394908144,1.310732,0.0003573433761792,nondom
10,0,7,0.0,0.0,0.0,7.864319999999999,62.914559999999994,62.914559999999994,0.0,0.0,251.65823999999998,0.0,0.0,0.0,31.457279999999997,629.1456,0.0,346.1939199999999,0.0,0.0,0.0,1.880081965843105,17.440783261537756,7.250433944842384,0.0,0.0,15.619623093754711,0.0,0.0,0.0,7.486771185031198,37.098702106420646,0.0,40.60394866331581,0.0,0.0,0.0,0.0,0.262146,0.5242899999999999,0.0,0.0,0.13107400000000002,0.0,0.0,0.0,0.262146,0.13107400000000002,0.0,2e-06,0.0,0.0,0.0,0.0,5.4976000819200004e-05,0.000219903164416,0.0,0.0,1.3744105062400004e-05,0.0,0.0,0.0,5.4976000819200004e-05,1.3744105062400004e-05,0.0,0.0,input,input,input,/features/features.2/Relu,/features/features.6/MaxPool,/features/features.7/Conv,/features/features.7/Conv,/features/features.7/Conv,/features/features.13/MaxPool,/features/features.13/MaxPool,/features/features.13/MaxPool,/features/features.13/MaxPool,/features/features.14/Conv,/features/features.24/Conv,/features/features.24/Conv,2,2,3,1,3,2,4,1,1,4,4,1,3,1,3,2,1393.4592119999998,127.38070156412181,0.756790530068196,1.310732,0.0003573433761792,nondom
11,0,7,0.0,0.0,0.0,7.864319999999999,62.914559999999994,62.914559999999994,0.0,0.0,251.65823999999998,0.0,0.0,0.0,31.457279999999997,157.2864,251.65823999999998,47.349759999999996,0.0,0.0,0.0,1.880081965843105,17.440783261537756,7.250433944842384,0.0,0.0,15.619623093754711,0.0,0.0,0.0,7.486771185031198,40.17543325897466,28.21179838861596,12.1698872407285,0.0,0.0,0.0,0.0,0.262146,0.5242899999999999,0.0,0.0,0.13107400000000002,0.0,0.0,0.0,0.262146,0.0,0.13107400000000002,2e-06,0.0,0.0,0.0,0.0,5.4976000819200004e-05,0.000219903164416,0.0,0.0,1.3744105062400004e-05,0.0,0.0,0.0,5.4976000819200004e-05,0.0,1.3744105062400004e-05,0.0,input,input,input,/features/features.2/Relu,/features/features.6/MaxPool,/features/features.7/Conv,/features/features.7/Conv,/features/features.7/Conv,/features/features.13/MaxPool,/features/features.13/MaxPool,/features/features.13/MaxPool,/features/features.13/MaxPool,/features/features.14/Conv,/features/features.24/Conv,/features/features.30/Conv,3,4,3,1,3,2,4,1,1,2,4,1,3,3,2,3,874.4140919999999,130.23516968270448,1.1557499763302408,1.310732,0.0003573433761792,nondom
12,0,7,0.0,0.0,0.0,7.864319999999999,62.914559999999994,62.914559999999994,0.0,0.0,0.0,62.914559999999994,0.0,0.0,31.457279999999997,125.82911999999999,62.914559999999994,173.17887999999994,0.0,0.0,0.0,1.880081965843105,17.440783261537756,7.250433944842384,0.0,0.0,0.0,17.611138907680665,0.0,0.0,7.486771185031198,31.173577440568327,8.082845870876394,43.99238694340391,0.0,0.0,0.0,0.0,0.262146,0.5242899999999999,0.0,0.0,0.5242899999999999,0.13107400000000002,0.0,0.0,0.0,0.0,0.13107400000000002,2e-06,0.0,0.0,0.0,0.0,5.4976000819200004e-05,0.000219903164416,0.0,0.0,0.000219903164416,1.3744105062400004e-05,0.0,0.0,0.0,0.0,1.3744105062400004e-05,0.0,input,input,input,/features/features.2/Relu,/features/features.6/MaxPool,/features/features.7/Conv,/features/features.7/Conv,/features/features.7/Conv,/features/features.9/Relu,/features/features.13/MaxPool,/features/features.13/MaxPool,/features/features.13/MaxPool,/features/features.14/Conv,/features/features.22/Relu,/features/features.24/Conv,2,3,3,1,3,2,4,1,1,3,4,1,3,3,2,3,591.5607159999998,134.91854179032353,1.7178484731213064,1.5728759999999997,0.000522270539776,nondom
13,0,7,0.0,0.0,0.0,5.8982399999999995,62.914559999999994,62.914559999999994,0.0,251.65823999999998,0.0,0.0,0.0,0.0,31.457279999999997,629.1456,0.0,346.1939199999999,0.0,0.0,0.0,1.9826649331118158,17.440783261537756,7.250433944842384,0.0,15.619623093754711,0.0,0.0,0.0,0.0,7.486771185031198,37.098702106420646,0.0,40.60394866331581,0.0,0.0,0.0,0.0,0.262146,0.5242899999999999,0.0,0.13107400000000002,0.0,0.0,0.0,0.0,0.262146,0.13107400000000002,0.0,2e-06,0.0,0.0,0.0,0.0,5.4976000819200004e-05,0.000219903164416,0.0,1.3744105062400004e-05,0.0,0.0,0.0,0.0,5.4976000819200004e-05,1.3744105062400004e-05,0.0,0.0,input,input,input,/features/features.2/Relu,/features/features.6/MaxPool,/features/features.7/Conv,/features/features.7/Conv,/features/features.13/MaxPool,/features/features.13/MaxPool,/features/features.13/MaxPool,/features/features.13/MaxPool,/features/features.13/MaxPool,/features/features.14/Conv,/features/features.24/Conv,/features/features.24/Conv,2,3,3,2,3,2,4,1,1,3,4,1,3,1,3,2,1391.4931319999998,127.4832845313905,0.7193300677666471,1.310732,0.0003573433761792,nondom
14,0,7,0.0,0.0,0.0,5.8982399999999995,62.914559999999994,62.914559999999994,0.0,0.0,251.65823999999998,0.0,0.0,0.0,94.37183999999999,377.48735999999997,0.0,346.1939199999999,0.0,0.0,0.0,1.9826649331118158,17.440783261537756,7.250433944842384,0.0,0.0,15.619623093754711,0.0,0.0,0.0,23.073559905315363,22.195144805151692,0.0,40.60394866331581,0.0,0.0,0.0,0.0,0.262146,0.5242899999999999,0.0,0.0,0.13107400000000002,0.0,0.0,0.0,0.262146,0.13107400000000002,0.0,2e-06,0.0,0.0,0.0,0.0,5.4976000819200004e-05,0.000219903164416,0.0,0.0,1.3744105062400004e-05,0.0,0.0,0.0,5.4976000819200004e-05,1.3744105062400004e-05,0.0,0.0,input,input,input,/features/features.2/Relu,/features/features.6/MaxPool,/features/features.7/Conv,/features/features.7/Conv,/features/features.7/Conv,/features/features.13/MaxPool,/features/features.13/MaxPool,/features/features.13/MaxPool,/features/features.13/MaxPool,/features/features.19/Relu,/features/features.24/Conv,/features/features.24/Conv,2,3,3,2,3,2,4,1,1,3,4,1,3,1,3,2,1202.7494519999998,128.1665159504057,0.8323354186553935,1.310732,0.0003573433761792,nondom
15,0,7,0.0,0.0,0.0,5.8982399999999995,62.914559999999994,62.914559999999994,0.0,0.0,251.65823999999998,0.0,0.0,0.0,62.914559999999994,629.1456,0.0,346.1939199999999,0.0,0.0,0.0,1.9826649331118158,17.440783261537756,7.250433944842384,0.0,0.0,15.619623093754711,0.0,0.0,0.0,6.992220847078107,37.098702106420646,0.0,40.60394866331581,0.0,0.0,0.0,0.0,0.262146,0.5242899999999999,0.0,0.0,0.13107400000000002,0.0,0.0,0.0,0.262146,0.13107400000000002,0.0,2e-06,0.0,0.0,0.0,0.0,5.4976000819200004e-05,0.000219903164416,0.0,0.0,1.3744105062400004e-05,0.0,0.0,0.0,5.4976000819200004e-05,1.3744105062400004e-05,0.0,0.0,input,input,input,/features/features.0/Conv,/features/features.6/MaxPool,/features/features.7/Conv,/features/features.7/Conv,/features/features.7/Conv,/features/features.13/MaxPool,/features/features.13/MaxPool,/features/features.13/MaxPool,/features/features.13/MaxPool,/features/features.14/Conv,/features/features.24/Conv,/features/features.24/Conv,1,3,3,2,3,2,4,1,1,2,4,1,2,1,3,2,1422.9504119999997,126.98873419343741,0.7034131180131383,1.310732,0.0003573433761792,nondom
16,0,7,0.0,0.0,0.0,5.8982399999999995,62.914559999999994,62.914559999999994,0.0,0.0,0.0,62.914559999999994,0.0,0.0,62.914559999999994,125.82911999999999,204.47231999999997,0.32768,0.0,0.0,0.0,1.9826649331118158,17.440783261537756,7.250433944842384,0.0,0.0,0.0,17.611138907680665,0.0,0.0,6.992220847078107,31.173577440568327,52.94405779008659,0.044733668212080406,0.0,0.0,0.0,0.0,0.262146,0.5242899999999999,0.0,0.0,0.0,0.13107400000000002,0.0,0.0,0.262146,0.065538,0.0,2e-06,0.0,0.0,0.0,0.0,5.4976000819200004e-05,0.000219903164416,0.0,0.0,0.0,1.3744105062400004e-05,0.0,0.0,5.4976000819200004e-05,3.4360786944000003e-06,0.0,0.0,input,input,input,/features/features.2/Relu,/features/features.6/MaxPool,/features/features.7/Conv,/features/features.7/Conv,/features/features.7/Conv,/features/features.7/Conv,/features/features.13/MaxPool,/features/features.13/MaxPool,/features/features.13/MaxPool,/features/features.16/Relu,/features/features.23/MaxPool,/features/features.44/AveragePool,3,3,3,2,3,2,4,1,1,3,4,1,2,3,3,1,589.4307959999999,135.43995782846753,1.718332101632883,1.2451960000000002,0.0003470353498112,nondom
17,0,7,0.0,0.0,0.0,5.8982399999999995,62.914559999999994,62.914559999999994,0.0,0.0,0.0,62.914559999999994,0.0,0.0,62.914559999999994,0.0,330.3014399999999,0.16384,0.0,0.0,0.0,1.9826649331118158,17.440783261537756,7.250433944842384,0.0,0.0,0.0,17.611138907680665,0.0,0.0,6.992220847078107,0.0,84.11763523065494,0.04836682462771458,0.0,0.0,0.0,0.0,0.262146,0.5242899999999999,0.0,0.0,0.0,0.13107400000000002,0.0,0.0,0.262146,0.0,0.008194000000000002,2e-06,0.0,0.0,0.0,0.0,5.4976000819200004e-05,0.000219903164416,0.0,0.0,0.0,1.3744105062400004e-05,0.0,0.0,5.4976000819200004e-05,0.0,5.3700198400000015e-08,0.0,input,input,input,/features/features.2/Relu,/features/features.6/MaxPool,/features/features.7/Conv,/features/features.7/Conv,/features/features.7/Conv,/features/features.7/Conv,/features/features.13/MaxPool,/features/features.13/MaxPool,/features/features.13/MaxPool,/features/features.16/Relu,/features/features.16/Relu,/Reshape,3,3,4,2,3,2,4,1,1,3,4,1,2,3,3,2,589.209612,135.4435876025047,1.7006173376985234,1.1878520000000001,0.0003436529713152,nondom
18,0,7,0.0,0.0,0.0,5.8982399999999995,62.914559999999994,62.914559999999994,0.0,0.0,0.0,62.914559999999994,0.0,0.0,0.0,157.2864,62.914559999999994,173.17887999999994,0.0,0.0,0.0,1.9826649331118158,17.440783261537756,7.250433944842384,0.0,0.0,0.0,17.611138907680665,0.0,0.0,0.0,38.660348625599525,8.082845870876394,43.99238694340391,0.0,0.0,0.0,0.0,0.262146,0.5242899999999999,0.0,0.0,0.5242899999999999,0.13107400000000002,0.0,0.0,0.0,0.0,0.13107400000000002,2e-06,0.0,0.0,0.0,0.0,5.4976000819200004e-05,0.000219903164416,0.0,0.0,0.000219903164416,1.3744105062400004e-05,0.0,0.0,0.0,0.0,1.3744105062400004e-05,0.0,input,input,input,/features/features.2/Relu,/features/features.6/MaxPool,/features/features.7/Conv,/features/features.7/Conv,/features/features.7/Conv,/features/features.9/Relu,/features/features.13/MaxPool,/features/features.13/MaxPool,/features/features.13/MaxPool,/features/features.13/MaxPool,/features/features.22/Relu,/features/features.24/Conv,2,4,3,2,3,2,4,2,1,3,4,1,2,3,2,3,589.5946359999998,135.02112475759225,1.7178484731213064,1.5728759999999997,0.000522270539776,nondom
19,0,7,0.0,0.0,0.0,0.0,65.86367999999999,62.914559999999994,0.0,0.0,0.0,62.914559999999994,0.0,0.0,62.914559999999994,125.82911999999999,62.914559999999994,173.17887999999994,0.0,0.0,0.0,0.0,19.494710380212798,7.250433944842384,0.0,0.0,0.0,17.611138907680665,0.0,0.0,6.992220847078107,31.173577440568327,8.082845870876394,43.99238694340391,0.0,0.0,0.0,0.0,0.0,0.5242899999999999,0.0,0.0,0.0,0.13107400000000002,0.0,0.0,0.262146,0.065538,0.13107400000000002,2e-06,0.0,0.0,0.0,0.0,0.0,0.000219903164416,0.0,0.0,0.0,1.3744105062400004e-05,0.0,0.0,5.4976000819200004e-05,3.4360786944000003e-06,1.3744105062400004e-05,0.0,input,input,input,input,/features/features.6/MaxPool,/features/features.7/Conv,/features/features.7/Conv,/features/features.7/Conv,/features/features.7/Conv,/features/features.13/MaxPool,/features/features.13/MaxPool,/features/features.13/MaxPool,/features/features.16/Relu,/features/features.23/MaxPool,/features/features.24/Conv,4,3,4,1,3,2,3,1,1,3,4,1,2,3,2,3,617.6440439999999,134.59762013811667,1.6219812981663568,1.1141240000000001,0.00030580345405440003,nondom
20,0,6,0.0,2.9491199999999997,0.0,0.0,125.82911999999999,62.914559999999994,0.0,0.0,251.65823999999998,0.0,0.0,0.0,94.37183999999999,377.48735999999997,0.0,346.1939199999999,0.0,2.0539271186750425,0.0,0.0,16.98484848851971,7.250433944842384,0.0,0.0,15.619623093754711,0.0,0.0,0.0,23.073559905315363,22.195144805151692,0.0,40.60394866331581,0.0,0.0,0.0,0.0,0.262146,0.0,0.0,0.0,0.13107400000000002,0.0,0.0,0.0,0.262146,0.13107400000000002,0.0,2e-06,0.0,0.0,0.0,0.0,5.4976000819200004e-05,0.0,0.0,0.0,1.3744105062400004e-05,0.0,0.0,0.0,5.4976000819200004e-05,1.3744105062400004e-05,0.0,0.0,input,/features/features.2/Relu,/features/features.2/Relu,/features/features.2/Relu,/features/features.6/MaxPool,/features/features.7/Conv,/features/features.7/Conv,/features/features.7/Conv,/features/features.13/MaxPool,/features/features.13/MaxPool,/features/features.13/MaxPool,/features/features.13/MaxPool,/features/features.19/Relu,/features/features.24/Conv,/features/features.24/Conv,2,3,3,2,2,2,4,1,1,2,4,1,3,1,3,2,1262.190602,127.78162345978647,0.7946251301913815,0.786442,0.0001374402117632,nondom
21,0,6,0.0,2.9491199999999997,0.0,0.0,125.82911999999999,62.914559999999994,0.0,0.0,251.65823999999998,0.0,0.0,0.0,62.914559999999994,629.1456,0.0,346.1939199999999,0.0,2.0539271186750425,0.0,0.0,16.98484848851971,7.250433944842384,0.0,0.0,15.619623093754711,0.0,0.0,0.0,6.992220847078107,37.098702106420646,0.0,40.60394866331581,0.0,0.0,0.0,0.0,0.262146,0.0,0.0,0.0,0.13107400000000002,0.0,0.0,0.0,0.262146,0.13107400000000002,0.0,2e-06,0.0,0.0,0.0,0.0,5.4976000819200004e-05,0.0,0.0,0.0,1.3744105062400004e-05,0.0,0.0,0.0,5.4976000819200004e-05,1.3744105062400004e-05,0.0,0.0,input,/features/features.2/Relu,/features/features.2/Relu,/features/features.2/Relu,/features/features.6/MaxPool,/features/features.7/Conv,/features/features.7/Conv,/features/features.7/Conv,/features/features.13/MaxPool,/features/features.13/MaxPool,/features/features.13/MaxPool,/features/features.13/MaxPool,/features/features.16/Relu,/features/features.24/Conv,/features/features.24/Conv,2,3,3,1,2,2,4,1,1,2,4,1,2,1,3,2,1482.391562,126.60384170281817,0.6762898199445984,0.786442,0.0001374402117632,nondom
22,0,6,0.0,0.0,65.86367999999999,0.0,0.0,62.914559999999994,0.0,0.0,251.65823999999998,0.0,0.0,0.0,62.914559999999994,629.1456,0.0,346.1939199999999,0.0,0.0,19.494710380212798,0.0,0.0,7.250433944842384,0.0,0.0,15.619623093754711,0.0,0.0,0.0,6.992220847078107,37.098702106420646,0.0,40.60394866331581,0.0,0.0,0.0,0.0,0.262146,0.0,0.0,0.0,0.13107400000000002,0.0,0.0,0.0,0.262146,0.13107400000000002,0.0,2e-06,0.0,0.0,0.0,0.0,5.4976000819200004e-05,0.0,0.0,0.0,1.3744105062400004e-05,0.0,0.0,0.0,5.4976000819200004e-05,1.3744105062400004e-05,0.0,0.0,input,input,/features/features.3/Conv,/features/features.3/Conv,/features/features.6/MaxPool,/features/features.7/Conv,/features/features.7/Conv,/features/features.7/Conv,/features/features.13/MaxPool,/features/features.13/MaxPool,/features/features.13/MaxPool,/features/features.13/MaxPool,/features/features.14/Conv,/features/features.24/Conv,/features/features.24/Conv,2,3,3,1,2,2,4,1,1,3,4,1,2,1,3,2,1419.4770019999999,127.05977647583622,0.7391928817972632,0.786442,0.0001374402117632,nondom
23,0,6,0.0,0.0,65.86367999999999,0.0,0.0,62.914559999999994,0.0,0.0,251.65823999999998,0.0,0.0,0.0,62.914559999999994,0.0,125.82911999999999,409.10847999999993,0.0,0.0,19.494710380212798,0.0,0.0,7.250433944842384,0.0,0.0,15.619623093754711,0.0,0.0,0.0,6.992220847078107,0.0,31.173577440568327,48.68679453419221,0.0,0.0,0.0,0.0,0.262146,0.0,0.0,0.0,0.13107400000000002,0.0,0.0,0.0,0.262146,0.0,0.065538,2e-06,0.0,0.0,0.0,0.0,5.4976000819200004e-05,0.0,0.0,0.0,1.3744105062400004e-05,0.0,0.0,0.0,5.4976000819200004e-05,0.0,3.4360786944000003e-06,0.0,input,input,/features/features.3/Conv,/features/features.3/Conv,/features/features.6/MaxPool,/features/features.7/Conv,/features/features.7/Conv,/features/features.7/Conv,/features/features.13/MaxPool,/features/features.13/MaxPool,/features/features.13/MaxPool,/features/features.13/MaxPool,/features/features.16/Relu,/features/features.16/Relu,/features/features.23/MaxPool,3,3,3,1,2,2,4,1,1,3,4,1,2,3,3,2,979.0095459999998,129.21748737283392,1.0959805395941822,0.7209059999999999,0.00012713218539520002,nondom
24,0,6,0.0,0.0,2.9491199999999997,125.82911999999999,0.0,62.914559999999994,0.0,0.0,251.65823999999998,0.0,0.0,0.0,157.2864,125.82911999999999,0.0,346.1939199999999,0.0,0.0,2.0539271186750425,16.98484848851971,0.0,7.250433944842384,0.0,0.0,15.619623093754711,0.0,0.0,0.0,38.660348625599525,7.2915875038827345,0.0,40.60394866331581,0.0,0.0,0.0,1.048578,0.0,0.0,0.0,0.0,0.13107400000000002,0.0,0.0,0.0,0.065538,0.13107400000000002,0.0,2e-06,0.0,0.0,0.0,0.0008796109799424001,0.0,0.0,0.0,0.0,1.3744105062400004e-05,0.0,0.0,0.0,3.4360786944000003e-06,1.3744105062400004e-05,0.0,0.0,input,input,/features/features.0/Conv,/features/features.3/Conv,/features/features.6/MaxPool,/features/features.7/Conv,/features/features.7/Conv,/features/features.7/Conv,/features/features.13/MaxPool,/features/features.13/MaxPool,/features/features.13/MaxPool,/features/features.13/MaxPool,/features/features.23/MaxPool,/features/features.24/Conv,/features/features.24/Conv,2,3,3,2,2,2,4,1,1,4,4,1,3,1,3,2,1074.0367459999998,128.4656279738587,0.9348316166334816,1.376266,0.0009105352687616,nondom
25,0,6,0.0,0.0,2.9491199999999997,0.0,125.82911999999999,62.914559999999994,0.0,0.0,0.0,125.82911999999999,0.0,0.0,0.0,157.2864,314.5728,47.349759999999996,0.0,0.0,2.0539271186750425,0.0,16.98484848851971,7.250433944842384,0.0,0.0,0.0,16.899228959847616,0.0,0.0,0.0,38.660348625599525,36.29464425949236,12.1698872407285,0.0,0.0,0.0,1.048578,0.262146,0.0,0.0,0.0,0.0,0.0,0.0,0.0,0.0,0.065538,0.13107400000000002,2e-06,0.0,0.0,0.0,0.0008796109799424001,5.4976000819200004e-05,0.0,0.0,0.0,0.0,0.0,0.0,0.0,0.0,3.4360786944000003e-06,1.3744105062400004e-05,0.0,input,input,/features/features.0/Conv,/features/features.2/Relu,/features/features.6/MaxPool,/features/features.7/Conv,/features/features.7/Conv,/features/features.7/Conv,/features/features.7/Conv,/features/features.13/MaxPool,/features/features.13/MaxPool,/features/features.13/MaxPool,/features/features.13/MaxPool,/features/features.23/MaxPool,/features/features.30/Conv,3,3,3,1,2,2,4,1,1,2,4,1,3,3,2,3,838.238218,130.31427040486966,1.1951273986684943,1.507338,0.0009517671645184,nondom
26,0,6,0.0,0.0,2.9491199999999997,0.0,62.914559999999994,62.914559999999994,0.0,0.0,251.65823999999998,0.0,0.0,0.0,157.2864,125.82911999999999,0.0,346.1939199999999,0.0,0.0,2.0539271186750425,0.0,17.440783261537756,7.250433944842384,0.0,0.0,15.619623093754711,0.0,0.0,0.0,38.660348625599525,7.2915875038827345,0.0,40.60394866331581,0.0,0.0,0.0,0.0,0.0,0.5242899999999999,0.0,0.0,0.13107400000000002,0.0,0.0,0.0,0.065538,0.13107400000000002,0.0,2e-06,0.0,0.0,0.0,0.0,0.0,0.000219903164416,0.0,0.0,1.3744105062400004e-05,0.0,0.0,0.0,3.4360786944000003e-06,1.3744105062400004e-05,0.0,0.0,input,input,/features/features.0/Conv,/features/features.2/Relu,/features/features.6/MaxPool,/features/features.7/Conv,/features/features.7/Conv,/features/features.7/Conv,/features/features.13/MaxPool,/features/features.13/MaxPool,/features/features.13/MaxPool,/features/features.13/MaxPool,/features/features.23/MaxPool,/features/features.24/Conv,/features/features.24/Conv,3,3,3,3,3,2,4,1,1,3,4,1,3,1,3,2,1010.5978979999999,128.92090303906122,1.0594541963200834,0.8519779999999999,0.0002508274532352,nondom
27,0,6,0.0,0.0,2.9491199999999997,0.0,62.914559999999994,62.914559999999994,0.0,0.0,251.65823999999998,0.0,0.0,0.0,94.37183999999999,377.48735999999997,0.0,346.1939199999999,0.0,0.0,2.0539271186750425,0.0,17.440783261537756,7.250433944842384,0.0,0.0,15.619623093754711,0.0,0.0,0.0,23.073559905315363,22.195144805151692,0.0,40.60394866331581,0.0,0.0,0.0,0.0,0.0,0.5242899999999999,0.0,0.0,0.13107400000000002,0.0,0.0,0.0,0.262146,0.13107400000000002,0.0,2e-06,0.0,0.0,0.0,0.0,0.0,0.000219903164416,0.0,0.0,1.3744105062400004e-05,0.0,0.0,0.0,5.4976000819200004e-05,1.3744105062400004e-05,0.0,0.0,input,input,/features/features.2/Relu,/features/features.2/Relu,/features/features.6/MaxPool,/features/features.7/Conv,/features/features.7/Conv,/features/features.7/Conv,/features/features.13/MaxPool,/features/features.13/MaxPool,/features/features.13/MaxPool,/features/features.13/MaxPool,/features/features.17/Conv,/features/features.24/Conv,/features/features.24/Conv,2,4,3,1,3,2,3,1,1,3,4,1,3,1,3,2,1199.5381859999998,128.2377231599681,0.8829040394908144,1.048586,0.00030236737536,nondom
28,0,6,0.0,0.0,2.9491199999999997,0.0,62.914559999999994,62.914559999999994,0.0,0.0,251.65823999999998,0.0,0.0,0.0,31.457279999999997,629.1456,0.0,346.1939199999999,0.0,0.0,2.0539271186750425,0.0,17.440783261537756,7.250433944842384,0.0,0.0,15.619623093754711,0.0,0.0,0.0,7.486771185031198,37.098702106420646,0.0,40.60394866331581,0.0,0.0,0.0,0.0,0.0,0.5242899999999999,0.0,0.0,0.13107400000000002,0.0,0.0,0.0,0.262146,0.13107400000000002,0.0,2e-06,0.0,0.0,0.0,0.0,0.0,0.000219903164416,0.0,0.0,1.3744105062400004e-05,0.0,0.0,0.0,5.4976000819200004e-05,1.3744105062400004e-05,0.0,0.0,input,input,/features/features.0/Conv,/features/features.0/Conv,/features/features.3/Conv,/features/features.7/Conv,/features/features.7/Conv,/features/features.7/Conv,/features/features.13/MaxPool,/features/features.13/MaxPool,/features/features.13/MaxPool,/features/features.13/MaxPool,/features/features.14/Conv,/features/features.24/Conv,/features/features.24/Conv,2,3,3,2,3,2,4,1,1,3,4,1,3,1,3,2,1388.2818659999996,127.5544917409529,0.7567905300681961,1.048586,0.00030236737536,nondom
29,0,6,0.0,0.0,2.9491199999999997,0.0,62.914559999999994,62.914559999999994,0.0,0.0,0.0,62.914559999999994,0.0,0.0,62.914559999999994,0.0,330.3014399999999,0.32768,0.0,0.0,2.0539271186750425,0.0,17.440783261537756,7.250433944842384,0.0,0.0,0.0,17.611138907680665,0.0,0.0,6.992220847078107,0.0,84.11763523065494,0.044733668212080406,0.0,0.0,0.0,0.0,0.0,0.5242899999999999,0.0,0.0,0.0,0.13107400000000002,0.0,0.0,0.262146,0.0,0.008194000000000002,2e-06,0.0,0.0,0.0,0.0,0.0,0.000219903164416,0.0,0.0,0.0,1.3744105062400004e-05,0.0,0.0,5.4976000819200004e-05,0.0,5.3700198400000015e-08,0.0,input,input,/features/features.2/Relu,/features/features.2/Relu,/features/features.3/Conv,/features/features.7/Conv,/features/features.7/Conv,/features/features.7/Conv,/features/features.7/Conv,/features/features.13/MaxPool,/features/features.13/MaxPool,/features/features.13/MaxPool,/features/features.16/Relu,/features/features.16/Relu,/Reshape,3,3,3,2,3,2,4,1,1,3,4,1,2,3,3,1,586.1621859999999,135.51116165565145,1.709668242296919,0.9257059999999999,0.000288676970496,nondom
30,0,6,0.0,0.0,2.9491199999999997,0.0,62.914559999999994,62.914559999999994,0.0,0.0,0.0,62.914559999999994,0.0,0.0,62.914559999999994,0.0,330.3014399999999,0.16384,0.0,0.0,2.0539271186750425,0.0,17.440783261537756,7.250433944842384,0.0,0.0,0.0,17.611138907680665,0.0,0.0,6.992220847078107,0.0,84.11763523065494,0.04836682462771458,0.0,0.0,0.0,0.0,0.0,0.5242899999999999,0.0,0.0,0.0,0.13107400000000002,0.0,0.0,0.262146,0.0,0.008194000000000002,2e-06,0.0,0.0,0.0,0.0,0.0,0.000219903164416,0.0,0.0,0.0,1.3744105062400004e-05,0.0,0.0,5.4976000819200004e-05,0.0,5.3700198400000015e-08,0.0,input,input,/features/features.2/Relu,/features/features.2/Relu,/features/features.6/MaxPool,/features/features.7/Conv,/features/features.7/Conv,/features/features.7/Conv,/features/features.7/Conv,/features/features.13/MaxPool,/features/features.13/MaxPool,/features/features.13/MaxPool,/features/features.16/Relu,/features/features.16/Relu,/features/features.44/AveragePool,3,3,3,1,3,2,4,2,1,3,4,1,2,3,3,2,585.998346,135.5147948120671,1.709668242296919,0.9257059999999999,0.000288676970496,nondom
31,0,6,0.0,0.0,0.0,259.52256,0.0,62.914559999999994,0.0,251.65823999999998,0.0,0.0,0.0,0.0,62.914559999999994,629.1456,0.0,346.1939199999999,0.0,0.0,0.0,18.764284243696483,0.0,7.250433944842384,0.0,15.619623093754711,0.0,0.0,0.0,0.0,6.992220847078107,37.098702106420646,0.0,40.60394866331581,0.0,0.0,0.0,0.0,0.262146,0.0,0.0,0.13107400000000002,0.0,0.0,0.0,0.0,0.262146,0.13107400000000002,0.0,2e-06,0.0,0.0,0.0,0.0,5.4976000819200004e-05,0.0,0.0,1.3744105062400004e-05,0.0,0.0,0.0,0.0,5.4976000819200004e-05,1.3744105062400004e-05,0.0,0.0,input,input,input,/features/features.3/Conv,/features/features.6/MaxPool,/features/features.7/Conv,/features/features.7/Conv,/features/features.13/MaxPool,/features/features.13/MaxPool,/features/features.13/MaxPool,/features/features.13/MaxPool,/features/features.13/MaxPool,/features/features.14/Conv,/features/features.24/Conv,/features/features.24/Conv,2,3,3,1,2,2,4,1,1,3,4,1,2,1,3,2,1613.1358819999998,126.3293503393199,0.7391928817972632,0.786442,0.0001374402117632,nondom
32,0,6,0.0,0.0,0.0,131.72735999999998,0.0,62.914559999999994,0.0,0.0,251.65823999999998,0.0,0.0,0.0,62.914559999999994,251.65823999999998,62.914559999999994,409.10847999999993,0.0,0.0,0.0,18.967513421631526,0.0,7.250433944842384,0.0,0.0,15.619623093754711,0.0,0.0,0.0,6.992220847078107,14.903557301268956,15.586788720284163,48.68679453419221,0.0,0.0,0.0,0.0,0.0,0.0,0.0,0.0,0.13107400000000002,0.0,0.0,0.0,0.262146,0.262146,0.065538,2e-06,0.0,0.0,0.0,0.0,0.0,0.0,0.0,0.0,1.3744105062400004e-05,0.0,0.0,0.0,5.4976000819200004e-05,5.4976000819200004e-05,3.4360786944000003e-06,0.0,input,input,input,/features/features.3/Conv,/features/features.6/MaxPool,/features/features.7/Conv,/features/features.7/Conv,/features/features.7/Conv,/features/features.13/MaxPool,/features/features.13/MaxPool,/features/features.13/MaxPool,/features/features.13/MaxPool,/features/features.14/Conv,/features/features.17/Conv,/features/features.23/MaxPool,2,3,3,2,2,2,4,1,1,2,4,1,2,1,3,2,1233.6169059999997,128.00705899523743,0.8110984219269105,0.7209059999999999,0.00012713218539520002,nondom
33,0,6,0.0,0.0,0.0,7.864319999999999,125.82911999999999,62.914559999999994,0.0,0.0,251.65823999999998,0.0,0.0,62.914559999999994,0.0,0.0,125.82911999999999,409.10847999999993,0.0,0.0,0.0,1.880081965843105,16.98484848851971,7.250433944842384,0.0,0.0,15.619623093754711,0.0,0.0,6.992220847078107,0.0,0.0,31.173577440568327,48.68679453419221,0.0,0.0,0.0,0.0,0.262146,0.0,0.0,0.0,0.13107400000000002,0.0,0.0,0.262146,0.0,0.0,0.065538,2e-06,0.0,0.0,0.0,0.0,5.4976000819200004e-05,0.0,0.0,0.0,1.3744105062400004e-05,0.0,0.0,5.4976000819200004e-05,0.0,0.0,3.4360786944000003e-06,0.0,input,input,input,/features/features.2/Relu,/features/features.6/MaxPool,/features/features.7/Conv,/features/features.7/Conv,/features/features.7/Conv,/features/features.13/MaxPool,/features/features.13/MaxPool,/features/features.13/MaxPool,/features/features.16/Relu,/features/features.16/Relu,/features/features.16/Relu,/features/features.23/MaxPool,3,3,3,1,2,2,4,1,1,3,4,2,3,3,3,2,1046.8393059999999,128.58770744698393,0.9631553771500713,0.7209059999999999,0.00012713218539520002,nondom
34,0,6,0.0,0.0,0.0,7.864319999999999,125.82911999999999,62.914559999999994,0.0,0.0,251.65823999999998,0.0,0.0,0.0,157.2864,125.82911999999999,0.0,346.1939199999999,0.0,0.0,0.0,1.880081965843105,16.98484848851971,7.250433944842384,0.0,0.0,15.619623093754711,0.0,0.0,0.0,38.660348625599525,7.2915875038827345,0.0,40.60394866331581,0.0,0.0,0.0,0.0,0.262146,0.0,0.0,0.0,0.13107400000000002,0.0,0.0,0.0,0.065538,0.13107400000000002,0.0,2e-06,0.0,0.0,0.0,0.0,5.4976000819200004e-05,0.0,0.0,0.0,1.3744105062400004e-05,0.0,0.0,0.0,3.4360786944000003e-06,1.3744105062400004e-05,0.0,0.0,input,input,input,/features/features.2/Relu,/features/features.6/MaxPool,/features/features.7/Conv,/features/features.7/Conv,/features/features.7/Conv,/features/features.13/MaxPool,/features/features.13/MaxPool,/features/features.13/MaxPool,/features/features.13/MaxPool,/features/features.23/MaxPool,/features/features.24/Conv,/features/features.24/Conv,2,3,3,1,2,2,4,1,1,2,4,1,3,1,3,2,1078.1655139999998,128.29095818604762,0.9348316166334816,0.589834,8.59002896384e-05,nondom
35,0,6,0.0,0.0,0.0,7.864319999999999,125.82911999999999,62.914559999999994,0.0,0.0,251.65823999999998,0.0,0.0,0.0,62.914559999999994,629.1456,0.0,346.1939199999999,0.0,0.0,0.0,1.880081965843105,16.98484848851971,7.250433944842384,0.0,0.0,15.619623093754711,0.0,0.0,0.0,6.992220847078107,37.098702106420646,0.0,40.60394866331581,0.0,0.0,0.0,0.0,0.262146,0.0,0.0,0.0,0.13107400000000002,0.0,0.0,0.0,0.262146,0.13107400000000002,0.0,2e-06,0.0,0.0,0.0,0.0,5.4976000819200004e-05,0.0,0.0,0.0,1.3744105062400004e-05,0.0,0.0,0.0,5.4976000819200004e-05,1.3744105062400004e-05,0.0,0.0,input,input,input,/features/features.0/Conv,/features/features.6/MaxPool,/features/features.7/Conv,/features/features.7/Conv,/features/features.7/Conv,/features/features.13/MaxPool,/features/features.13/MaxPool,/features/features.13/MaxPool,/features/features.13/MaxPool,/features/features.14/Conv,/features/features.24/Conv,/features/features.24/Conv,2,3,3,1,2,2,4,1,1,3,4,1,2,1,3,2,1487.306762,126.42999654998623,0.6762898199445984,0.786442,0.0001374402117632,nondom
36,0,6,0.0,0.0,0.0,7.864319999999999,62.914559999999994,62.914559999999994,0.0,0.0,251.65823999999998,0.0,0.0,0.0,0.0,157.2864,0.0,409.10847999999993,0.0,0.0,0.0,1.880081965843105,17.440783261537756,7.250433944842384,0.0,0.0,15.619623093754711,0.0,0.0,0.0,0.0,38.660348625599525,0.0,48.68679453419221,0.0,0.0,0.0,0.0,0.262146,0.5242899999999999,0.0,0.0,0.13107400000000002,0.0,0.0,0.0,0.0,0.065538,0.0,2e-06,0.0,0.0,0.0,0.0,5.4976000819200004e-05,0.000219903164416,0.0,0.0,1.3744105062400004e-05,0.0,0.0,0.0,0.0,3.4360786944000003e-06,0.0,0.0,input,input,input,/features/features.0/Conv,/features/features.6/MaxPool,/features/features.7/Conv,/features/features.7/Conv,/features/features.7/Conv,/features/features.13/MaxPool,/features/features.13/MaxPool,/features/features.13/MaxPool,/features/features.13/MaxPool,/features/features.13/MaxPool,/features/features.23/MaxPool,/features/features.23/MaxPool,2,3,3,1,3,2,3,1,1,3,4,1,2,3,3,2,952.7296099999999,129.5383574851187,1.1351154221684956,0.9830499999999999,0.000292059348992,nondom
37,0,6,0.0,0.0,0.0,5.8982399999999995,62.914559999999994,62.914559999999994,0.0,0.0,251.65823999999998,0.0,0.0,0.0,0.0,157.2864,0.0,409.10847999999993,0.0,0.0,0.0,1.9826649331118158,17.440783261537756,7.250433944842384,0.0,0.0,15.619623093754711,0.0,0.0,0.0,0.0,38.660348625599525,0.0,48.68679453419221,0.0,0.0,0.0,0.0,0.262146,0.5242899999999999,0.0,0.0,0.13107400000000002,0.0,0.0,0.0,0.0,0.065538,0.0,2e-06,0.0,0.0,0.0,0.0,5.4976000819200004e-05,0.000219903164416,0.0,0.0,1.3744105062400004e-05,0.0,0.0,0.0,0.0,3.4360786944000003e-06,0.0,0.0,input,input,input,/features/features.0/Conv,/features/features.6/MaxPool,/features/features.7/Conv,/features/features.7/Conv,/features/features.7/Conv,/features/features.13/MaxPool,/features/features.13/MaxPool,/features/features.13/MaxPool,/features/features.13/MaxPool,/features/features.13/MaxPool,/features/features.23/MaxPool,/features/features.23/MaxPool,3,3,3,2,3,2,4,1,1,3,4,1,2,3,3,2,950.76353,129.6409404523874,1.052874870622736,0.9830499999999999,0.000292059348992,nondom
38,0,6,0.0,0.0,0.0,5.8982399999999995,62.914559999999994,62.914559999999994,0.0,0.0,0.0,62.914559999999994,0.0,0.0,62.914559999999994,0.0,330.4652799999999,0.0,0.0,0.0,0.0,1.9826649331118158,17.440783261537756,7.250433944842384,0.0,0.0,0.0,17.611138907680665,0.0,0.0,6.992220847078107,0.0,84.16782020237858,0.0,0.0,0.0,0.0,0.0,0.262146,0.5242899999999999,0.0,0.0,0.0,0.13107400000000002,0.0,0.0,0.262146,0.0,2e-06,0.0,0.0,0.0,0.0,0.0,5.4976000819200004e-05,0.000219903164416,0.0,0.0,0.0,1.3744105062400004e-05,0.0,0.0,5.4976000819200004e-05,0.0,0.0,0.0,input,input,input,/features/features.2/Relu,/features/features.6/MaxPool,/features/features.7/Conv,/features/features.7/Conv,/features/features.7/Conv,/features/features.7/Conv,/features/features.13/MaxPool,/features/features.13/MaxPool,/features/features.13/MaxPool,/features/features.16/Relu,/features/features.16/Relu,output,3,3,4,2,3,2,4,1,2,3,4,1,2,3,3,2,589.2014179999999,135.4454056959004,1.0887469898323228,1.179658,0.0003435992711168,nondom
39,0,5,0.0,0.0,5.8982399999999995,0.0,125.82911999999999,62.914559999999994,0.0,0.0,251.65823999999998,0.0,0.0,0.0,62.914559999999994,0.0,125.82911999999999,409.10847999999993,0.0,0.0,1.9826649331118158,0.0,16.98484848851971,7.250433944842384,0.0,0.0,15.619623093754711,0.0,0.0,0.0,6.992220847078107,0.0,31.173577440568327,48.68679453419221,0.0,0.0,0.0,0.0,0.0,0.0,0.0,0.0,0.13107400000000002,0.0,0.0,0.0,0.262146,0.0,0.065538,2e-06,0.0,0.0,0.0,0.0,0.0,0.0,0.0,0.0,1.3744105062400004e-05,0.0,0.0,0.0,5.4976000819200004e-05,0.0,3.4360786944000003e-06,0.0,input,input,/features/features.2/Relu,/features/features.2/Relu,/features/features.6/MaxPool,/features/features.7/Conv,/features/features.7/Conv,/features/features.7/Conv,/features/features.13/MaxPool,/features/features.13/MaxPool,/features/features.13/MaxPool,/features/features.13/MaxPool,/features/features.14/Conv,/features/features.16/Relu,/features/features.23/MaxPool,3,3,2,1,2,2,3,1,1,2,4,1,2,2,3,2,1044.61108,128.69023543825185,0.9577146751922172,0.45876,7.2156184576e-05,nondom
40,0,5,0.0,0.0,0.0,131.72735999999998,62.914559999999994,0.0,0.0,0.0,251.65823999999998,0.0,0.0,0.0,62.914559999999994,629.1456,0.0,346.1939199999999,0.0,0.0,0.0,18.967513421631526,7.250433944842384,0.0,0.0,0.0,15.619623093754711,0.0,0.0,0.0,6.992220847078107,37.098702106420646,0.0,40.60394866331581,0.0,0.0,0.0,0.0,0.0,0.0,0.0,0.0,0.13107400000000002,0.0,0.0,0.0,0.262146,0.13107400000000002,0.0,2e-06,0.0,0.0,0.0,0.0,0.0,0.0,0.0,0.0,1.3744105062400004e-05,0.0,0.0,0.0,5.4976000819200004e-05,1.3744105062400004e-05,0.0,0.0,input,input,input,/features/features.3/Conv,/features/features.7/Conv,/features/features.7/Conv,/features/features.7/Conv,/features/features.7/Conv,/features/features.13/MaxPool,/features/features.13/MaxPool,/features/features.13/MaxPool,/features/features.13/MaxPool,/features/features.14/Conv,/features/features.24/Conv,/features/features.24/Conv,2,3,3,2,2,2,4,1,1,3,4,1,2,1,3,2,1485.0785359999998,126.53252454125413,0.6736028721995366,0.524296,8.246421094400001e-05,nondom
41,0,5,0.0,0.0,0.0,131.72735999999998,0.0,62.914559999999994,0.0,0.0,251.65823999999998,0.0,0.0,0.0,157.2864,125.82911999999999,0.0,346.1939199999999,0.0,0.0,0.0,18.967513421631526,0.0,7.250433944842384,0.0,0.0,15.619623093754711,0.0,0.0,0.0,38.660348625599525,7.2915875038827345,0.0,40.60394866331581,0.0,0.0,0.0,0.0,0.0,0.0,0.0,0.0,0.13107400000000002,0.0,0.0,0.0,0.065538,0.13107400000000002,0.0,2e-06,0.0,0.0,0.0,0.0,0.0,0.0,0.0,0.0,1.3744105062400004e-05,0.0,0.0,0.0,3.4360786944000003e-06,1.3744105062400004e-05,0.0,0.0,input,input,input,/features/features.3/Conv,/features/features.6/MaxPool,/features/features.7/Conv,/features/features.7/Conv,/features/features.7/Conv,/features/features.13/MaxPool,/features/features.13/MaxPool,/features/features.13/MaxPool,/features/features.13/MaxPool,/features/features.23/MaxPool,/features/features.24/Conv,/features/features.24/Conv,2,3,3,2,2,2,4,1,1,3,4,1,3,1,3,2,1075.9372879999999,128.3934861773155,0.9297053503427267,0.32768800000000003,3.0924288819200006e-05,nondom
42,0,5,0.0,0.0,0.0,131.72735999999998,0.0,62.914559999999994,0.0,0.0,251.65823999999998,0.0,0.0,0.0,94.37183999999999,377.48735999999997,0.0,346.1939199999999,0.0,0.0,0.0,18.967513421631526,0.0,7.250433944842384,0.0,0.0,15.619623093754711,0.0,0.0,0.0,23.073559905315363,22.195144805151692,0.0,40.60394866331581,0.0,0.0,0.0,0.0,0.0,0.0,0.0,0.0,0.13107400000000002,0.0,0.0,0.0,0.262146,0.13107400000000002,0.0,2e-06,0.0,0.0,0.0,0.0,0.0,0.0,0.0,0.0,1.3744105062400004e-05,0.0,0.0,0.0,5.4976000819200004e-05,1.3744105062400004e-05,0.0,0.0,input,input,input,/features/features.3/Conv,/features/features.6/MaxPool,/features/features.7/Conv,/features/features.7/Conv,/features/features.7/Conv,/features/features.13/MaxPool,/features/features.13/MaxPool,/features/features.13/MaxPool,/features/features.13/MaxPool,/features/features.17/Conv,/features/features.24/Conv,/features/features.24/Conv,3,3,3,2,2,2,4,1,1,3,4,1,3,1,3,2,1264.8775759999999,127.71030629822243,0.7909181838797461,0.524296,8.246421094400001e-05,nondom
43,0,5,0.0,0.0,0.0,65.86367999999999,0.0,62.914559999999994,0.0,0.0,251.65823999999998,0.0,0.0,0.0,0.0,157.2864,0.0,409.10847999999993,0.0,0.0,0.0,19.494710380212798,0.0,7.250433944842384,0.0,0.0,15.619623093754711,0.0,0.0,0.0,0.0,38.660348625599525,0.0,48.68679453419221,0.0,0.0,0.0,0.0,0.262146,0.0,0.0,0.0,0.13107400000000002,0.0,0.0,0.0,0.0,0.065538,0.0,2e-06,0.0,0.0,0.0,0.0,5.4976000819200004e-05,0.0,0.0,0.0,1.3744105062400004e-05,0.0,0.0,0.0,0.0,3.4360786944000003e-06,0.0,0.0,input,input,input,/features/features.3/Conv,/features/features.6/MaxPool,/features/features.7/Conv,/features/features.7/Conv,/features/features.7/Conv,/features/features.13/MaxPool,/features/features.13/MaxPool,/features/features.13/MaxPool,/features/features.13/MaxPool,/features/features.13/MaxPool,/features/features.23/MaxPool,/features/features.23/MaxPool,2,3,3,3,2,2,4,1,1,4,4,1,2,3,3,2,947.2901199999999,129.7119827347862,1.1351154221684954,0.45876,7.2156184576e-05,nondom
44,0,5,0.0,0.0,0.0,65.86367999999999,0.0,62.914559999999994,0.0,0.0,0.0,62.914559999999994,0.0,0.0,62.914559999999994,125.82911999999999,157.2864,47.349759999999996,0.0,0.0,0.0,19.494710380212798,0.0,7.250433944842384,0.0,0.0,0.0,17.611138907680665,0.0,0.0,6.992220847078107,31.173577440568327,40.824355521081735,12.1698872407285,0.0,0.0,0.0,0.0,0.262146,0.0,0.0,0.0,0.0,0.13107400000000002,0.0,0.0,0.262146,0.065538,0.0,0.0,0.0,0.0,0.0,0.0,5.4976000819200004e-05,0.0,0.0,0.0,0.0,1.3744105062400004e-05,0.0,0.0,5.4976000819200004e-05,3.4360786944000003e-06,0.0,0.0,input,input,input,/features/features.3/Conv,/features/features.6/MaxPool,/features/features.7/Conv,/features/features.7/Conv,/features/features.7/Conv,/features/features.7/Conv,/features/features.13/MaxPool,/features/features.13/MaxPool,/features/features.13/MaxPool,/features/features.16/Relu,/features/features.23/MaxPool,/features/features.30/Conv,2,3,3,3,2,2,4,1,1,3,4,1,2,3,3,3,585.7935439999999,135.51645141437788,1.7091894777373289,0.720904,0.00012713218539520002,nondom
45,0,5,0.0,0.0,0.0,7.864319999999999,62.914559999999994,62.914559999999994,0.0,0.0,0.0,62.914559999999994,0.0,0.0,31.457279999999997,283.11551999999995,47.185919999999996,0.16384,0.0,0.0,0.0,1.880081965843105,17.440783261537756,7.250433944842384,0.0,0.0,0.0,17.611138907680665,0.0,0.0,7.486771185031198,71.99793296165006,12.119702269004858,0.04836682462771458,0.0,0.0,0.0,0.0,0.262146,0.5242899999999999,0.0,0.0,0.0,0.13107400000000002,0.0,0.0,0.0,0.0,0.0,2e-06,0.0,0.0,0.0,0.0,5.4976000819200004e-05,0.000219903164416,0.0,0.0,0.0,1.3744105062400004e-05,0.0,0.0,0.0,0.0,0.0,0.0,input,input,input,/features/features.2/Relu,/features/features.6/MaxPool,/features/features.7/Conv,/features/features.7/Conv,/features/features.7/Conv,/features/features.7/Conv,/features/features.13/MaxPool,/features/features.13/MaxPool,/features/features.13/MaxPool,/features/features.16/Relu,/features/features.32/Relu,/Reshape,2,3,3,1,3,2,4,1,1,3,4,1,3,3,3,2,559.4480719999999,135.83549994348806,1.8165225074404767,0.9175119999999999,0.0002886232702976,nondom
46,0,5,0.0,0.0,0.0,7.864319999999999,62.914559999999994,62.914559999999994,0.0,0.0,0.0,62.914559999999994,0.0,0.0,31.457279999999997,220.20095999999998,0.0,220.36479999999997,0.0,0.0,0.0,1.880081965843105,17.440783261537756,7.250433944842384,0.0,0.0,0.0,17.611138907680665,0.0,0.0,7.486771185031198,56.08668311031236,0.0,26.49804946900782,0.0,0.0,0.0,0.0,0.262146,0.5242899999999999,0.0,0.0,0.0,0.13107400000000002,0.0,0.0,0.0,0.0,0.0,2e-06,0.0,0.0,0.0,0.0,5.4976000819200004e-05,0.000219903164416,0.0,0.0,0.0,1.3744105062400004e-05,0.0,0.0,0.0,0.0,0.0,0.0,input,input,input,/features/features.0/Conv,/features/features.6/MaxPool,/features/features.7/Conv,/features/features.7/Conv,/features/features.7/Conv,/features/features.7/Conv,/features/features.13/MaxPool,/features/features.13/MaxPool,/features/features.13/MaxPool,/features/features.14/Conv,/features/features.27/Conv,/features/features.27/Conv,2,3,3,1,3,2,4,1,1,3,4,2,3,3,3,2,669.5485519999999,134.2542304675256,1.67265432310222,0.9175119999999999,0.0002886232702976,nondom
47,0,5,0.0,0.0,0.0,7.864319999999999,62.914559999999994,62.914559999999994,0.0,0.0,0.0,62.914559999999994,0.0,0.0,31.457279999999997,157.2864,173.01503999999994,0.16384,0.0,0.0,0.0,1.880081965843105,17.440783261537756,7.250433944842384,0.0,0.0,0.0,17.611138907680665,0.0,0.0,7.486771185031198,40.17543325897466,43.94220197168026,0.04836682462771458,0.0,0.0,0.0,0.0,0.262146,0.5242899999999999,0.0,0.0,0.0,0.13107400000000002,0.0,0.0,0.0,0.0,0.0,2e-06,0.0,0.0,0.0,0.0,5.4976000819200004e-05,0.000219903164416,0.0,0.0,0.0,1.3744105062400004e-05,0.0,0.0,0.0,0.0,0.0,0.0,input,input,input,/features/features.2/Relu,/features/features.6/MaxPool,/features/features.7/Conv,/features/features.7/Conv,/features/features.7/Conv,/features/features.7/Conv,/features/features.13/MaxPool,/features/features.13/MaxPool,/features/features.13/MaxPool,/features/features.14/Conv,/features/features.26/Relu,/Reshape,2,3,3,1,3,2,4,1,1,3,4,1,3,3,3,2,559.448072,135.83549994348803,1.8165225074404763,0.9175119999999999,0.0002886232702976,nondom
48,0,5,0.0,0.0,0.0,7.864319999999999,62.914559999999994,62.914559999999994,0.0,0.0,0.0,62.914559999999994,0.0,0.0,0.0,188.74367999999998,173.01503999999994,0.32768,0.0,0.0,0.0,1.880081965843105,17.440783261537756,7.250433944842384,0.0,0.0,0.0,17.611138907680665,0.0,0.0,0.0,47.66220444400585,43.94220197168026,0.044733668212080406,0.0,0.0,0.0,0.0,0.262146,0.5242899999999999,0.0,0.0,0.0,0.13107400000000002,0.0,0.0,0.0,0.0,0.0,2e-06,0.0,0.0,0.0,0.0,5.4976000819200004e-05,0.000219903164416,0.0,0.0,0.0,1.3744105062400004e-05,0.0,0.0,0.0,0.0,0.0,0.0,input,input,input,/features/features.2/Relu,/features/features.6/MaxPool,/features/features.7/Conv,/features/features.7/Conv,/features/features.7/Conv,/features/features.7/Conv,/features/features.13/MaxPool,/features/features.13/MaxPool,/features/features.13/MaxPool,/features/features.13/MaxPool,/features/features.26/Relu,/Reshape,3,3,3,1,3,2,4,1,1,3,4,2,2,3,3,1,559.611912,135.83186678707239,1.7898872800586512,0.9175119999999999,0.0002886232702976,nondom
49,0,5,0.0,0.0,0.0,7.864319999999999,62.914559999999994,62.914559999999994,0.0,0.0,0.0,62.914559999999994,0.0,0.0,0.0,31.457279999999997,330.3014399999999,0.32768,0.0,0.0,0.0,1.880081965843105,17.440783261537756,7.250433944842384,0.0,0.0,0.0,17.611138907680665,0.0,0.0,0.0,7.486771185031198,84.11763523065494,0.044733668212080406,0.0,0.0,0.0,0.0,0.262146,0.5242899999999999,0.0,0.0,0.0,0.13107400000000002,0.0,0.0,0.0,0.0,0.0,2e-06,0.0,0.0,0.0,0.0,5.4976000819200004e-05,0.000219903164416,0.0,0.0,0.0,1.3744105062400004e-05,0.0,0.0,0.0,0.0,0.0,0.0,input,input,input,/features/features.0/Conv,/features/features.6/MaxPool,/features/features.7/Conv,/features/features.7/Conv,/features/features.7/Conv,/features/features.7/Conv,/features/features.13/MaxPool,/features/features.13/MaxPool,/features/features.13/MaxPool,/features/features.13/MaxPool,/features/features.16/Relu,/features/features.44/AveragePool,2,3,3,1,3,2,4,1,1,3,4,1,2,3,3,1,559.6119119999998,135.83186678707244,1.7898872800586514,0.9175119999999999,0.0002886232702976,nondom
50,0,5,0.0,0.0,0.0,5.8982399999999995,62.914559999999994,62.914559999999994,0.0,0.0,0.0,62.914559999999994,0.0,0.0,31.457279999999997,157.2864,173.01503999999994,0.32768,0.0,0.0,0.0,1.9826649331118158,17.440783261537756,7.250433944842384,0.0,0.0,0.0,17.611138907680665,0.0,0.0,7.486771185031198,40.17543325897466,43.94220197168026,0.044733668212080406,0.0,0.0,0.0,0.0,0.262146,0.5242899999999999,0.0,0.0,0.0,0.13107400000000002,0.0,0.0,0.0,0.0,0.0,2e-06,0.0,0.0,0.0,0.0,5.4976000819200004e-05,0.000219903164416,0.0,0.0,0.0,1.3744105062400004e-05,0.0,0.0,0.0,0.0,0.0,0.0,input,input,input,/features/features.2/Relu,/features/features.6/MaxPool,/features/features.7/Conv,/features/features.7/Conv,/features/features.7/Conv,/features/features.7/Conv,/features/features.13/MaxPool,/features/features.13/MaxPool,/features/features.13/MaxPool,/features/features.16/Relu,/features/features.26/Relu,/Reshape,3,3,3,2,3,2,4,1,2,3,4,1,3,3,3,1,557.6458319999998,135.93444975434113,1.8165225074404767,0.9175119999999999,0.0002886232702976,nondom
51,0,5,0.0,0.0,0.0,5.8982399999999995,62.914559999999994,62.914559999999994,0.0,0.0,0.0,62.914559999999994,0.0,0.0,31.457279999999997,157.2864,62.914559999999994,220.36479999999997,0.0,0.0,0.0,1.9826649331118158,17.440783261537756,7.250433944842384,0.0,0.0,0.0,17.611138907680665,0.0,0.0,7.486771185031198,40.17543325897466,15.911249851337702,26.49804946900782,0.0,0.0,0.0,0.0,0.262146,0.5242899999999999,0.0,0.0,0.0,0.13107400000000002,0.0,0.0,0.0,0.0,0.0,2e-06,0.0,0.0,0.0,0.0,5.4976000819200004e-05,0.000219903164416,0.0,0.0,0.0,1.3744105062400004e-05,0.0,0.0,0.0,0.0,0.0,0.0,input,input,input,/features/features.2/Relu,/features/features.6/MaxPool,/features/features.7/Conv,/features/features.7/Conv,/features/features.7/Conv,/features/features.7/Conv,/features/features.13/MaxPool,/features/features.13/MaxPool,/features/features.13/MaxPool,/features/features.16/Relu,/features/features.26/Relu,/features/features.29/Relu,2,3,3,2,3,2,4,1,1,3,4,1,3,3,3,2,667.5824719999999,134.3568134347943,1.5000038400098306,0.9175119999999999,0.0002886232702976,nondom
52,0,5,0.0,0.0,0.0,5.8982399999999995,62.914559999999994,62.914559999999994,0.0,0.0,0.0,62.914559999999994,0.0,0.0,31.457279999999997,62.914559999999994,267.38687999999996,0.16384,0.0,0.0,0.0,1.9826649331118158,17.440783261537756,7.250433944842384,0.0,0.0,0.0,17.611138907680665,0.0,0.0,7.486771185031198,15.586788720284163,68.53084651037076,0.04836682462771458,0.0,0.0,0.0,0.0,0.262146,0.5242899999999999,0.0,0.0,0.0,0.13107400000000002,0.0,0.0,0.0,0.0,0.0,2e-06,0.0,0.0,0.0,0.0,5.4976000819200004e-05,0.000219903164416,0.0,0.0,0.0,1.3744105062400004e-05,0.0,0.0,0.0,0.0,0.0,0.0,input,input,input,/features/features.2/Relu,/features/features.6/MaxPool,/features/features.7/Conv,/features/features.7/Conv,/features/features.7/Conv,/features/features.7/Conv,/features/features.13/MaxPool,/features/features.13/MaxPool,/features/features.13/MaxPool,/features/features.16/Relu,/features/features.17/Conv,/features/features.42/Relu,3,3,3,2,3,2,3,2,1,3,4,1,3,3,3,2,557.4819919999999,135.93808291075678,1.7967370105975864,0.9175119999999999,0.0002886232702976,nondom
53,0,4,0.0,2.9491199999999997,0.0,0.0,62.914559999999994,31.457279999999997,0.0,0.0,0.0,62.914559999999994,0.0,0.0,62.914559999999994,0.0,330.3014399999999,0.16384,0.0,2.0539271186750425,0.0,0.0,17.440783261537756,8.10539163878438,0.0,0.0,0.0,17.611138907680665,0.0,0.0,6.992220847078107,0.0,84.11763523065494,0.04836682462771458,0.0,0.0,0.0,0.0,0.0,0.0,0.0,0.0,0.0,0.0,0.0,0.0,0.262146,0.0,0.008194000000000002,2e-06,0.0,0.0,0.0,0.0,0.0,0.0,0.0,0.0,0.0,0.0,0.0,0.0,5.4976000819200004e-05,0.0,5.3700198400000015e-08,0.0,input,/features/features.2/Relu,/features/features.2/Relu,/features/features.2/Relu,/features/features.6/MaxPool,/features/features.7/Conv,/features/features.7/Conv,/features/features.7/Conv,/features/features.7/Conv,/features/features.13/MaxPool,/features/features.13/MaxPool,/features/features.13/MaxPool,/features/features.16/Relu,/features/features.16/Relu,/Reshape,2,3,3,1,3,3,3,1,1,3,4,1,2,3,3,2,553.8857019999999,136.36951885873964,1.806842991415039,0.27034199999999997,5.5029701017600005e-05,nondom
54,0,4,0.0,0.0,65.86367999999999,0.0,0.0,62.914559999999994,0.0,0.0,0.0,62.914559999999994,0.0,0.0,0.0,157.2864,204.47231999999997,0.16384,0.0,0.0,19.494710380212798,0.0,0.0,7.250433944842384,0.0,0.0,0.0,17.611138907680665,0.0,0.0,0.0,38.660348625599525,52.94405779008659,0.04836682462771458,0.0,0.0,0.0,0.0,0.262146,0.0,0.0,0.0,0.0,0.13107400000000002,0.0,0.0,0.0,0.0,0.0,2e-06,0.0,0.0,0.0,0.0,5.4976000819200004e-05,0.0,0.0,0.0,0.0,1.3744105062400004e-05,0.0,0.0,0.0,0.0,0.0,0.0,input,input,/features/features.3/Conv,/features/features.3/Conv,/features/features.6/MaxPool,/features/features.7/Conv,/features/features.7/Conv,/features/features.7/Conv,/features/features.7/Conv,/features/features.13/MaxPool,/features/features.13/MaxPool,/features/features.13/MaxPool,/features/features.13/MaxPool,/features/features.23/MaxPool,/Reshape,2,3,3,1,2,2,4,1,1,3,4,1,2,3,3,2,554.008582,136.00912519315557,1.8068429914150386,0.393222,6.87201058816e-05,nondom
55,0,4,0.0,0.0,5.8982399999999995,0.0,62.914559999999994,62.914559999999994,0.0,0.0,0.0,62.914559999999994,0.0,0.0,31.457279999999997,0.0,157.2864,173.17887999999994,0.0,0.0,1.9826649331118158,0.0,17.440783261537756,7.250433944842384,0.0,0.0,0.0,17.611138907680665,0.0,0.0,7.486771185031198,0.0,40.17543325897466,43.99238694340391,0.0,0.0,0.0,0.0,0.262146,0.5242899999999999,0.0,0.0,0.0,0.13107400000000002,0.0,0.0,0.0,0.0,0.0,0.0,0.0,0.0,0.0,0.0,5.4976000819200004e-05,0.000219903164416,0.0,0.0,0.0,1.3744105062400004e-05,0.0,0.0,0.0,0.0,0.0,0.0,input,input,/features/features.2/Relu,/features/features.2/Relu,/features/features.6/MaxPool,/features/features.7/Conv,/features/features.7/Conv,/features/features.7/Conv,/features/features.7/Conv,/features/features.13/MaxPool,/features/features.13/MaxPool,/features/features.13/MaxPool,/features/features.16/Relu,/features/features.16/Relu,/features/features.24/Conv,3,3,2,1,3,2,4,1,1,3,4,1,3,3,3,3,557.4819899999999,135.9399010578527,1.8159820365962513,0.9175099999999999,0.0002886232702976,nondom
56,0,4,0.0,0.0,2.9491199999999997,125.82911999999999,62.914559999999994,0.0,0.0,0.0,125.82911999999999,0.0,0.0,0.0,62.914559999999994,125.82911999999999,0.0,409.10847999999993,0.0,0.0,2.0539271186750425,16.98484848851971,7.250433944842384,0.0,0.0,0.0,16.899228959847616,0.0,0.0,0.0,6.992220847078107,31.173577440568327,0.0,48.68679453419221,0.0,0.0,0.0,0.262146,0.0,0.0,0.0,0.0,0.0,0.0,0.0,0.0,0.0,0.065538,0.0,2e-06,0.0,0.0,0.0,5.4976000819200004e-05,0.0,0.0,0.0,0.0,0.0,0.0,0.0,0.0,0.0,3.4360786944000003e-06,0.0,0.0,input,input,/features/features.0/Conv,/features/features.6/MaxPool,/features/features.7/Conv,/features/features.7/Conv,/features/features.7/Conv,/features/features.7/Conv,/features/features.13/MaxPool,/features/features.13/MaxPool,/features/features.13/MaxPool,/features/features.13/MaxPool,/features/features.14/Conv,/features/features.23/MaxPool,/features/features.23/MaxPool,2,3,3,2,2,3,4,1,2,2,4,1,2,3,3,2,915.7017659999998,130.0410897458029,1.0959805395941822,0.327686,5.8412079513600005e-05,nondom
57,0,4,0.0,0.0,2.9491199999999997,0.0,62.914559999999994,62.914559999999994,0.0,0.0,0.0,62.914559999999994,0.0,0.0,94.37183999999999,62.914559999999994,94.37183999999999,220.36479999999997,0.0,0.0,2.0539271186750425,0.0,17.440783261537756,7.250433944842384,0.0,0.0,0.0,17.611138907680665,0.0,0.0,23.073559905315363,15.586788720284163,24.913105669744034,26.49804946900782,0.0,0.0,0.0,0.0,0.0,0.5242899999999999,0.0,0.0,0.0,0.13107400000000002,0.0,0.0,0.0,0.0,0.0,2e-06,0.0,0.0,0.0,0.0,0.0,0.000219903164416,0.0,0.0,0.0,1.3744105062400004e-05,0.0,0.0,0.0,0.0,0.0,0.0,input,input,/features/features.2/Relu,/features/features.2/Relu,/features/features.6/MaxPool,/features/features.7/Conv,/features/features.7/Conv,/features/features.7/Conv,/features/features.7/Conv,/features/features.13/MaxPool,/features/features.13/MaxPool,/features/features.13/MaxPool,/features/features.17/Conv,/features/features.20/Conv,/features/features.27/Conv,2,3,3,1,3,2,4,1,1,3,4,1,3,3,3,2,664.3712059999998,134.4280206443567,1.67265432310222,0.6553659999999999,0.00023364726947839998,nondom
58,0,4,0.0,0.0,2.9491199999999997,0.0,62.914559999999994,62.914559999999994,0.0,0.0,0.0,62.914559999999994,0.0,0.0,0.0,31.457279999999997,330.3014399999999,0.32768,0.0,0.0,2.0539271186750425,0.0,17.440783261537756,7.250433944842384,0.0,0.0,0.0,17.611138907680665,0.0,0.0,0.0,7.486771185031198,84.11763523065494,0.044733668212080406,0.0,0.0,0.0,0.0,0.0,0.5242899999999999,0.0,0.0,0.0,0.13107400000000002,0.0,0.0,0.0,0.0,0.0,2e-06,0.0,0.0,0.0,0.0,0.0,0.000219903164416,0.0,0.0,0.0,1.3744105062400004e-05,0.0,0.0,0.0,0.0,0.0,0.0,input,input,/features/features.2/Relu,/features/features.2/Relu,/features/features.6/MaxPool,/features/features.7/Conv,/features/features.7/Conv,/features/features.7/Conv,/features/features.7/Conv,/features/features.13/MaxPool,/features/features.13/MaxPool,/features/features.13/MaxPool,/features/features.13/MaxPool,/features/features.14/Conv,/Reshape,3,3,3,1,3,2,3,1,2,3,4,1,2,3,3,1,554.4345659999998,136.00565696390353,1.806842991415039,0.6553659999999999,0.00023364726947839998,nondom
59,0,4,0.0,0.0,0.0,7.864319999999999,125.82911999999999,62.914559999999994,0.0,0.0,125.82911999999999,0.0,0.0,0.0,62.914559999999994,0.0,125.82911999999999,409.10847999999993,0.0,0.0,0.0,1.880081965843105,16.98484848851971,7.250433944842384,0.0,0.0,16.899228959847616,0.0,0.0,0.0,6.992220847078107,0.0,31.173577440568327,48.68679453419221,0.0,0.0,0.0,0.0,0.262146,0.0,0.0,0.0,0.0,0.0,0.0,0.0,0.0,0.0,0.065538,2e-06,0.0,0.0,0.0,0.0,5.4976000819200004e-05,0.0,0.0,0.0,0.0,0.0,0.0,0.0,0.0,0.0,3.4360786944000003e-06,0.0,input,input,input,/features/features.0/Conv,/features/features.6/MaxPool,/features/features.7/Conv,/features/features.7/Conv,/features/features.7/Conv,/features/features.13/MaxPool,/features/features.13/MaxPool,/features/features.13/MaxPool,/features/features.13/MaxPool,/features/features.16/Relu,/features/features.16/Relu,/features/features.23/MaxPool,3,3,3,1,2,2,3,1,2,3,4,1,2,3,3,2,920.6169659999998,129.86724459297096,1.0959805395941822,0.327686,5.8412079513600005e-05,nondom
60,0,4,0.0,0.0,0.0,7.864319999999999,62.914559999999994,62.914559999999994,0.0,0.0,0.0,62.914559999999994,0.0,0.0,31.457279999999997,157.2864,62.914559999999994,110.26431999999998,0.0,0.0,0.0,1.880081965843105,17.440783261537756,7.250433944842384,0.0,0.0,0.0,17.611138907680665,0.0,0.0,7.486771185031198,40.17543325897466,15.911249851337702,28.0811370920662,0.0,0.0,0.0,0.0,0.262146,0.5242899999999999,0.0,0.0,0.0,0.13107400000000002,0.0,0.0,0.0,0.0,0.0,0.0,0.0,0.0,0.0,0.0,5.4976000819200004e-05,0.000219903164416,0.0,0.0,0.0,1.3744105062400004e-05,0.0,0.0,0.0,0.0,0.0,0.0,input,input,input,/features/features.2/Relu,/features/features.6/MaxPool,/features/features.7/Conv,/features/features.7/Conv,/features/features.7/Conv,/features/features.7/Conv,/features/features.13/MaxPool,/features/features.13/MaxPool,/features/features.13/MaxPool,/features/features.14/Conv,/features/features.24/Conv,/features/features.27/Conv,3,3,3,1,3,2,4,1,1,3,4,1,3,3,3,3,559.4480699999999,135.83731809058395,1.8159820365962513,0.9175099999999999,0.0002886232702976,nondom
61,0,3,0.0,2.9491199999999997,0.0,0.0,62.914559999999994,31.457279999999997,0.0,0.0,0.0,62.914559999999994,0.0,0.0,62.914559999999994,0.0,330.4652799999999,0.0,0.0,2.0539271186750425,0.0,0.0,17.440783261537756,8.10539163878438,0.0,0.0,0.0,17.611138907680665,0.0,0.0,6.992220847078107,0.0,84.16782020237858,0.0,0.0,0.0,0.0,0.0,0.0,0.0,0.0,0.0,0.0,0.0,0.0,0.0,0.262146,0.0,2e-06,0.0,0.0,0.0,0.0,0.0,0.0,0.0,0.0,0.0,0.0,0.0,0.0,0.0,5.4976000819200004e-05,0.0,0.0,0.0,input,/features/features.2/Relu,/features/features.2/Relu,/features/features.2/Relu,/features/features.6/MaxPool,/features/features.7/Conv,/features/features.7/Conv,/features/features.7/Conv,/features/features.7/Conv,/features/features.13/MaxPool,/features/features.13/MaxPool,/features/features.13/MaxPool,/features/features.16/Relu,/features/features.16/Relu,output,2,3,3,2,3,3,3,1,1,3,4,1,2,3,3,2,553.8775079999999,136.37133695213535,1.3815110061113631,0.262148,5.4976000819200004e-05,nondom
62,0,3,0.0,0.0,5.8982399999999995,0.0,62.914559999999994,31.457279999999997,0.0,0.0,0.0,62.914559999999994,0.0,0.0,0.0,157.2864,31.457279999999997,346.1939199999999,0.0,0.0,1.9826649331118158,0.0,17.440783261537756,8.10539163878438,0.0,0.0,0.0,17.611138907680665,0.0,0.0,0.0,38.660348625599525,9.00185581840633,40.60394866331581,0.0,0.0,0.0,0.0,0.262146,0.0,0.0,0.0,0.0,0.0,0.0,0.0,0.0,0.0,0.0,2e-06,0.0,0.0,0.0,0.0,5.4976000819200004e-05,0.0,0.0,0.0,0.0,0.0,0.0,0.0,0.0,0.0,0.0,0.0,input,input,/features/features.2/Relu,/features/features.2/Relu,/features/features.6/MaxPool,/features/features.7/Conv,/features/features.7/Conv,/features/features.7/Conv,/features/features.7/Conv,/features/features.13/MaxPool,/features/features.13/MaxPool,/features/features.13/MaxPool,/features/features.13/MaxPool,/features/features.22/Relu,/features/features.26/Relu,3,3,2,1,3,3,4,1,1,3,4,1,2,3,3,2,698.384388,133.4061868244371,1.4324138993194087,0.262148,5.4976000819200004e-05,nondom
63,0,3,0.0,0.0,2.9491199999999997,62.914559999999994,0.0,62.914559999999994,0.0,0.0,0.0,62.914559999999994,0.0,0.0,31.457279999999997,157.2864,0.0,173.17887999999994,0.0,0.0,2.0539271186750425,17.440783261537756,0.0,7.250433944842384,0.0,0.0,0.0,17.611138907680665,0.0,0.0,7.486771185031198,40.17543325897466,0.0,43.99238694340391,0.0,0.0,0.0,0.0,0.262146,0.0,0.0,0.0,0.0,0.13107400000000002,0.0,0.0,0.0,0.0,0.0,0.0,0.0,0.0,0.0,0.0,5.4976000819200004e-05,0.0,0.0,0.0,0.0,1.3744105062400004e-05,0.0,0.0,0.0,0.0,0.0,0.0,input,input,/features/features.2/Relu,/features/features.3/Conv,/features/features.6/MaxPool,/features/features.7/Conv,/features/features.7/Conv,/features/features.7/Conv,/features/features.7/Conv,/features/features.13/MaxPool,/features/features.13/MaxPool,/features/features.13/MaxPool,/features/features.16/Relu,/features/features.24/Conv,/features/features.24/Conv,2,3,3,3,2,2,4,1,1,3,4,1,3,3,3,3,554.0085799999999,136.0109433402515,1.8063082642793729,0.39322,6.87201058816e-05,nondom
64,0,3,0.0,0.0,0.0,131.72735999999998,62.914559999999994,0.0,0.0,0.0,125.82911999999999,0.0,0.0,0.0,62.914559999999994,125.82911999999999,0.0,409.10847999999993,0.0,0.0,0.0,18.967513421631526,7.250433944842384,0.0,0.0,0.0,16.899228959847616,0.0,0.0,0.0,6.992220847078107,31.173577440568327,0.0,48.68679453419221,0.0,0.0,0.0,0.0,0.0,0.0,0.0,0.0,0.0,0.0,0.0,0.0,0.0,0.065538,0.0,2e-06,0.0,0.0,0.0,0.0,0.0,0.0,0.0,0.0,0.0,0.0,0.0,0.0,0.0,3.4360786944000003e-06,0.0,0.0,input,input,input,/features/features.3/Conv,/features/features.7/Conv,/features/features.7/Conv,/features/features.7/Conv,/features/features.7/Conv,/features/features.13/MaxPool,/features/features.13/MaxPool,/features/features.13/MaxPool,/features/features.13/MaxPool,/features/features.14/Conv,/features/features.23/MaxPool,/features/features.23/MaxPool,2,3,3,2,2,3,4,1,2,3,4,1,2,3,3,2,918.3887399999999,129.96977258423885,1.0889412355040144,0.06554,3.4360786944000003e-06,nondom
65,0,3,0.0,0.0,0.0,7.864319999999999,62.914559999999994,31.457279999999997,0.0,0.0,0.0,62.914559999999994,0.0,0.0,94.37183999999999,94.37183999999999,0.0,346.1939199999999,0.0,0.0,0.0,1.880081965843105,17.440783261537756,8.10539163878438,0.0,0.0,0.0,17.611138907680665,0.0,0.0,23.073559905315363,24.588644538690495,0.0,40.60394866331581,0.0,0.0,0.0,0.0,0.262146,0.0,0.0,0.0,0.0,0.0,0.0,0.0,0.0,0.0,0.0,2e-06,0.0,0.0,0.0,0.0,5.4976000819200004e-05,0.0,0.0,0.0,0.0,0.0,0.0,0.0,0.0,0.0,0.0,0.0,input,input,input,/features/features.2/Relu,/features/features.6/MaxPool,/features/features.7/Conv,/features/features.7/Conv,/features/features.7/Conv,/features/features.7/Conv,/features/features.13/MaxPool,/features/features.13/MaxPool,/features/features.13/MaxPool,/features/features.17/Conv,/features/features.24/Conv,/features/features.24/Conv,2,3,3,1,3,3,4,1,1,3,4,1,3,3,3,2,700.3504679999999,133.30360385716838,2.8885544841457658,0.262148,5.4976000819200004e-05,nondom
66,0,3,0.0,0.0,0.0,7.864319999999999,62.914559999999994,31.457279999999997,0.0,0.0,0.0,62.914559999999994,0.0,0.0,94.37183999999999,62.914559999999994,0.0,409.10847999999993,0.0,0.0,0.0,1.880081965843105,17.440783261537756,8.10539163878438,0.0,0.0,0.0,17.611138907680665,0.0,0.0,23.073559905315363,15.586788720284163,0.0,48.68679453419221,0.0,0.0,0.0,0.0,0.262146,0.0,0.0,0.0,0.0,0.0,0.0,0.0,0.0,0.0,0.0,2e-06,0.0,0.0,0.0,0.0,5.4976000819200004e-05,0.0,0.0,0.0,0.0,0.0,0.0,0.0,0.0,0.0,0.0,0.0,input,input,input,/features/features.2/Relu,/features/features.6/MaxPool,/features/features.7/Conv,/features/features.7/Conv,/features/features.7/Conv,/features/features.7/Conv,/features/features.13/MaxPool,/features/features.13/MaxPool,/features/features.13/MaxPool,/features/features.17/Conv,/features/features.22/Relu,/features/features.23/MaxPool,3,3,3,1,3,3,3,1,1,3,4,1,3,3,3,2,731.807748,132.38459390963845,2.444339457348819,0.262148,5.4976000819200004e-05,nondom
67,0,3,0.0,0.0,0.0,7.864319999999999,62.914559999999994,31.457279999999997,0.0,0.0,0.0,62.914559999999994,0.0,0.0,31.457279999999997,0.0,330.3014399999999,0.32768,0.0,0.0,0.0,1.880081965843105,17.440783261537756,8.10539163878438,0.0,0.0,0.0,17.611138907680665,0.0,0.0,7.486771185031198,0.0,84.11763523065494,0.044733668212080406,0.0,0.0,0.0,0.0,0.262146,0.0,0.0,0.0,0.0,0.0,0.0,0.0,0.0,0.0,0.0,2e-06,0.0,0.0,0.0,0.0,5.4976000819200004e-05,0.0,0.0,0.0,0.0,0.0,0.0,0.0,0.0,0.0,0.0,0.0,input,input,input,/features/features.2/Relu,/features/features.6/MaxPool,/features/features.7/Conv,/features/features.7/Conv,/features/features.7/Conv,/features/features.7/Conv,/features/features.13/MaxPool,/features/features.13/MaxPool,/features/features.13/MaxPool,/features/features.16/Relu,/features/features.16/Relu,/features/features.42/Relu,3,3,3,1,3,3,4,1,1,3,4,1,3,3,3,1,527.4992679999999,136.68659083374493,1.896679808887508,0.262148,5.4976000819200004e-05,nondom
68,0,3,0.0,0.0,0.0,7.864319999999999,62.914559999999994,31.457279999999997,0.0,0.0,0.0,62.914559999999994,0.0,0.0,0.0,251.65823999999998,110.10047999999999,0.16384,0.0,0.0,0.0,1.880081965843105,17.440783261537756,8.10539163878438,0.0,0.0,0.0,17.611138907680665,0.0,0.0,0.0,63.57345429534355,28.03095212034256,0.04836682462771458,0.0,0.0,0.0,0.0,0.262146,0.0,0.0,0.0,0.0,0.0,0.0,0.0,0.0,0.0,0.0,2e-06,0.0,0.0,0.0,0.0,5.4976000819200004e-05,0.0,0.0,0.0,0.0,0.0,0.0,0.0,0.0,0.0,0.0,0.0,input,input,input,/features/features.2/Relu,/features/features.6/MaxPool,/features/features.7/Conv,/features/features.7/Conv,/features/features.7/Conv,/features/features.7/Conv,/features/features.13/MaxPool,/features/features.13/MaxPool,/features/features.13/MaxPool,/features/features.13/MaxPool,/features/features.27/Conv,/features/features.42/Relu,2,3,3,1,3,3,4,1,1,3,4,1,2,3,3,2,527.335428,136.69022399016055,1.9266147806186873,0.262148,5.4976000819200004e-05,nondom
69,0,3,0.0,0.0,0.0,5.8982399999999995,62.914559999999994,31.457279999999997,0.0,0.0,0.0,62.914559999999994,0.0,0.0,94.37183999999999,94.37183999999999,173.01503999999994,0.16384,0.0,0.0,0.0,1.9826649331118158,17.440783261537756,8.10539163878438,0.0,0.0,0.0,17.611138907680665,0.0,0.0,23.073559905315363,24.588644538690495,43.94220197168026,0.04836682462771458,0.0,0.0,0.0,0.0,0.262146,0.0,0.0,0.0,0.0,0.0,0.0,0.0,0.0,0.0,0.0,2e-06,0.0,0.0,0.0,0.0,5.4976000819200004e-05,0.0,0.0,0.0,0.0,0.0,0.0,0.0,0.0,0.0,0.0,0.0,input,input,input,/features/features.0/Conv,/features/features.6/MaxPool,/features/features.7/Conv,/features/features.7/Conv,/features/features.7/Conv,/features/features.7/Conv,/features/features.13/MaxPool,/features/features.13/MaxPool,/features/features.13/MaxPool,/features/features.17/Conv,/features/features.24/Conv,/Reshape,2,3,3,2,3,3,4,2,1,3,4,1,3,3,3,2,525.3693480000001,136.79280695742926,1.9043730499219969,0.262148,5.4976000819200004e-05,nondom
70,0,3,0.0,0.0,0.0,5.8982399999999995,62.914559999999994,31.457279999999997,0.0,0.0,0.0,62.914559999999994,0.0,0.0,31.457279999999997,62.914559999999994,62.914559999999994,409.10847999999993,0.0,0.0,0.0,1.9826649331118158,17.440783261537756,8.10539163878438,0.0,0.0,0.0,17.611138907680665,0.0,0.0,7.486771185031198,15.586788720284163,15.586788720284163,48.68679453419221,0.0,0.0,0.0,0.0,0.262146,0.0,0.0,0.0,0.0,0.0,0.0,0.0,0.0,0.0,0.0,2e-06,0.0,0.0,0.0,0.0,5.4976000819200004e-05,0.0,0.0,0.0,0.0,0.0,0.0,0.0,0.0,0.0,0.0,0.0,input,input,input,/features/features.0/Conv,/features/features.6/MaxPool,/features/features.7/Conv,/features/features.7/Conv,/features/features.7/Conv,/features/features.7/Conv,/features/features.13/MaxPool,/features/features.13/MaxPool,/features/features.13/MaxPool,/features/features.16/Relu,/features/features.19/Relu,/features/features.20/Conv,2,3,3,2,3,3,4,1,2,3,4,1,3,3,3,2,729.8416679999999,132.48717687690717,1.3706525095441278,0.262148,5.4976000819200004e-05,nondom
71,0,3,0.0,0.0,0.0,5.8982399999999995,62.914559999999994,31.457279999999997,0.0,0.0,0.0,62.914559999999994,0.0,0.0,31.457279999999997,0.0,330.3014399999999,0.32768,0.0,0.0,0.0,1.9826649331118158,17.440783261537756,8.10539163878438,0.0,0.0,0.0,17.611138907680665,0.0,0.0,7.486771185031198,0.0,84.11763523065494,0.044733668212080406,0.0,0.0,0.0,0.0,0.262146,0.0,0.0,0.0,0.0,0.0,0.0,0.0,0.0,0.0,0.0,2e-06,0.0,0.0,0.0,0.0,5.4976000819200004e-05,0.0,0.0,0.0,0.0,0.0,0.0,0.0,0.0,0.0,0.0,0.0,input,input,input,/features/features.2/Relu,/features/features.6/MaxPool,/features/features.7/Conv,/features/features.7/Conv,/features/features.7/Conv,/features/features.7/Conv,/features/features.13/MaxPool,/features/features.13/MaxPool,/features/features.13/MaxPool,/features/features.16/Relu,/features/features.16/Relu,/Reshape,3,3,4,2,3,3,3,1,2,3,4,1,3,3,3,1,525.5331879999999,136.78917380101367,1.9266147806186873,0.262148,5.4976000819200004e-05,nondom
72,0,2,0.0,65.86367999999999,0.0,0.0,0.0,31.457279999999997,0.0,0.0,0.0,62.914559999999994,0.0,0.0,0.0,157.2864,31.457279999999997,346.1939199999999,0.0,19.494710380212798,0.0,0.0,0.0,8.10539163878438,0.0,0.0,0.0,17.611138907680665,0.0,0.0,0.0,38.660348625599525,9.00185581840633,40.60394866331581,0.0,0.0,0.0,0.0,0.0,0.0,0.0,0.0,0.0,0.0,0.0,0.0,0.0,0.0,0.0,2e-06,0.0,0.0,0.0,0.0,0.0,0.0,0.0,0.0,0.0,0.0,0.0,0.0,0.0,0.0,0.0,0.0,input,/features/features.3/Conv,/features/features.6/MaxPool,/features/features.6/MaxPool,/features/features.6/MaxPool,/features/features.7/Conv,/features/features.7/Conv,/features/features.7/Conv,/features/features.7/Conv,/features/features.13/MaxPool,/features/features.13/MaxPool,/features/features.13/MaxPool,/features/features.13/MaxPool,/features/features.23/MaxPool,/features/features.24/Conv,2,3,3,2,2,3,4,1,2,3,4,1,2,3,3,2,695.1731219999999,133.4773940339995,2.86550029342723,2e-06,0.0,nondom
73,0,2,0.0,2.9491199999999997,62.914559999999994,0.0,31.457279999999997,0.0,0.0,0.0,0.0,62.914559999999994,0.0,0.0,0.0,157.2864,0.0,409.10847999999993,0.0,2.0539271186750425,17.440783261537756,0.0,8.10539163878438,0.0,0.0,0.0,0.0,17.611138907680665,0.0,0.0,0.0,38.660348625599525,0.0,48.68679453419221,0.0,0.0,0.0,0.0,0.0,0.0,0.0,0.0,0.0,0.0,0.0,0.0,0.0,0.0,0.0,2e-06,0.0,0.0,0.0,0.0,0.0,0.0,0.0,0.0,0.0,0.0,0.0,0.0,0.0,0.0,0.0,0.0,input,/features/features.0/Conv,/features/features.6/MaxPool,/features/features.6/MaxPool,/features/features.7/Conv,/features/features.7/Conv,/features/features.7/Conv,/features/features.7/Conv,/features/features.7/Conv,/features/features.13/MaxPool,/features/features.13/MaxPool,/features/features.13/MaxPool,/features/features.13/MaxPool,/features/features.20/Conv,/features/features.20/Conv,2,3,3,1,3,3,4,1,2,3,4,1,2,3,4,2,726.6304019999999,132.55838408646957,2.444339457348819,2e-06,0.0,nondom
74,0,2,0.0,0.0,2.9491199999999997,0.0,62.914559999999994,31.457279999999997,0.0,0.0,0.0,62.914559999999994,0.0,0.0,31.457279999999997,62.914559999999994,267.38687999999996,0.32768,0.0,0.0,2.0539271186750425,0.0,17.440783261537756,8.10539163878438,0.0,0.0,0.0,17.611138907680665,0.0,0.0,7.486771185031198,15.586788720284163,68.53084651037076,0.044733668212080406,0.0,0.0,0.0,0.0,0.0,0.0,0.0,0.0,0.0,0.0,0.0,0.0,0.0,0.0,0.0,2e-06,0.0,0.0,0.0,0.0,0.0,0.0,0.0,0.0,0.0,0.0,0.0,0.0,0.0,0.0,0.0,0.0,input,input,/features/features.2/Relu,/features/features.2/Relu,/features/features.6/MaxPool,/features/features.7/Conv,/features/features.7/Conv,/features/features.7/Conv,/features/features.7/Conv,/features/features.13/MaxPool,/features/features.13/MaxPool,/features/features.13/MaxPool,/features/features.16/Relu,/features/features.17/Conv,/Reshape,2,3,3,1,3,3,3,1,1,3,4,1,3,3,3,1,522.321922,136.86038101057605,1.9157299513496548,2e-06,0.0,nondom
75,0,2,0.0,0.0,2.9491199999999997,0.0,62.914559999999994,31.457279999999997,0.0,0.0,0.0,62.914559999999994,0.0,0.0,0.0,251.65823999999998,110.10047999999999,0.16384,0.0,0.0,2.0539271186750425,0.0,17.440783261537756,8.10539163878438,0.0,0.0,0.0,17.611138907680665,0.0,0.0,0.0,63.57345429534355,28.03095212034256,0.04836682462771458,0.0,0.0,0.0,0.0,0.0,0.0,0.0,0.0,0.0,0.0,0.0,0.0,0.0,0.0,0.0,2e-06,0.0,0.0,0.0,0.0,0.0,0.0,0.0,0.0,0.0,0.0,0.0,0.0,0.0,0.0,0.0,0.0,input,input,/features/features.2/Relu,/features/features.2/Relu,/features/features.6/MaxPool,/features/features.7/Conv,/features/features.7/Conv,/features/features.7/Conv,/features/features.7/Conv,/features/features.13/MaxPool,/features/features.13/MaxPool,/features/features.13/MaxPool,/features/features.13/MaxPool,/features/features.27/Conv,/features/features.44/AveragePool,2,3,3,2,3,3,4,1,1,3,4,1,3,3,3,2,522.1580819999999,136.86401416699167,1.9157299513496553,2e-06,0.0,nondom
76,0,2,0.0,0.0,0.0,7.864319999999999,62.914559999999994,31.457279999999997,0.0,0.0,0.0,62.914559999999994,0.0,0.0,31.457279999999997,157.2864,173.17887999999994,0.0,0.0,0.0,0.0,1.880081965843105,17.440783261537756,8.10539163878438,0.0,0.0,0.0,17.611138907680665,0.0,0.0,7.486771185031198,40.17543325897466,43.99238694340391,0.0,0.0,0.0,0.0,0.0,0.262146,0.0,0.0,0.0,0.0,0.0,0.0,0.0,0.0,0.0,0.0,0.0,0.0,0.0,0.0,0.0,5.4976000819200004e-05,0.0,0.0,0.0,0.0,0.0,0.0,0.0,0.0,0.0,0.0,0.0,input,input,input,/features/features.2/Relu,/features/features.6/MaxPool,/features/features.7/Conv,/features/features.7/Conv,/features/features.7/Conv,/features/features.7/Conv,/features/features.13/MaxPool,/features/features.13/MaxPool,/features/features.13/MaxPool,/features/features.14/Conv,/features/features.24/Conv,output,3,3,3,1,3,3,4,1,1,3,4,1,3,3,3,2,527.3354259999999,136.6920421372565,1.926006823919218,0.262146,5.4976000819200004e-05,nondom
77,0,2,0.0,0.0,0.0,7.864319999999999,62.914559999999994,31.457279999999997,0.0,0.0,0.0,62.914559999999994,0.0,0.0,0.0,251.65823999999998,110.10047999999999,0.16384,0.0,0.0,0.0,1.880081965843105,17.440783261537756,8.10539163878438,0.0,0.0,0.0,17.611138907680665,0.0,0.0,0.0,63.57345429534355,28.03095212034256,0.05018497172364222,0.0,0.0,0.0,0.0,0.262146,0.0,0.0,0.0,0.0,0.0,0.0,0.0,0.0,0.0,0.0,0.0,0.0,0.0,0.0,0.0,5.4976000819200004e-05,0.0,0.0,0.0,0.0,0.0,0.0,0.0,0.0,0.0,0.0,0.0,input,input,input,/features/features.2/Relu,/features/features.6/MaxPool,/features/features.7/Conv,/features/features.7/Conv,/features/features.7/Conv,/features/features.7/Conv,/features/features.13/MaxPool,/features/features.13/MaxPool,/features/features.13/MaxPool,/features/features.13/MaxPool,/features/features.27/Conv,/Reshape,2,3,3,1,3,3,4,1,1,3,4,1,3,3,3,3,527.335426,136.69204213725646,1.9260068239192176,0.262146,5.4976000819200004e-05,nondom
78,0,2,0.0,0.0,0.0,5.8982399999999995,62.914559999999994,31.457279999999997,0.0,0.0,0.0,62.914559999999994,0.0,0.0,31.457279999999997,157.2864,62.914559999999994,110.26431999999998,0.0,0.0,0.0,1.9826649331118158,17.440783261537756,8.10539163878438,0.0,0.0,0.0,17.611138907680665,0.0,0.0,7.486771185031198,40.17543325897466,15.911249851337702,28.0811370920662,0.0,0.0,0.0,0.0,0.262146,0.0,0.0,0.0,0.0,0.0,0.0,0.0,0.0,0.0,0.0,0.0,0.0,0.0,0.0,0.0,5.4976000819200004e-05,0.0,0.0,0.0,0.0,0.0,0.0,0.0,0.0,0.0,0.0,0.0,input,input,input,/features/features.0/Conv,/features/features.6/MaxPool,/features/features.7/Conv,/features/features.7/Conv,/features/features.7/Conv,/features/features.7/Conv,/features/features.13/MaxPool,/features/features.13/MaxPool,/features/features.13/MaxPool,/features/features.14/Conv,/features/features.26/Relu,/features/features.27/Conv,2,3,3,2,3,3,4,1,1,3,4,1,3,3,3,3,525.369346,136.79462510452518,1.9260068239192176,0.262146,5.4976000819200004e-05,nondom
79,0,1,0.0,2.9491199999999997,0.0,0.0,62.914559999999994,31.457279999999997,0.0,0.0,0.0,62.914559999999994,0.0,0.0,0.0,251.65823999999998,110.26431999999998,0.0,0.0,2.0539271186750425,0.0,0.0,17.440783261537756,8.10539163878438,0.0,0.0,0.0,17.611138907680665,0.0,0.0,0.0,63.57345429534355,28.0811370920662,0.0,0.0,0.0,0.0,0.0,0.0,0.0,0.0,0.0,0.0,0.0,0.0,0.0,0.0,0.0,0.0,0.0,0.0,0.0,0.0,0.0,0.0,0.0,0.0,0.0,0.0,0.0,0.0,0.0,0.0,0.0,0.0,0.0,input,/features/features.0/Conv,/features/features.2/Relu,/features/features.2/Relu,/features/features.6/MaxPool,/features/features.7/Conv,/features/features.7/Conv,/features/features.7/Conv,/features/features.7/Conv,/features/features.13/MaxPool,/features/features.13/MaxPool,/features/features.13/MaxPool,/features/features.13/MaxPool,/features/features.27/Conv,output,2,3,3,1,3,3,4,1,1,3,4,1,3,3,3,2,522.1580799999999,136.86583231408758,1.9151288437401948,0.0,0.0,nondom
